resolving dependencies...
looking for conflicting packages...

Package (1)          New Version  Net Change  Download Size

extra/xorg-xwininfo  1.1.7-1        0.05 MiB       0.02 MiB

Total Download Size:   0.02 MiB
Total Installed Size:  0.05 MiB

:: Proceed with installation? [Y/n] 
:: Retrieving packages...
 xorg-xwininfo-1.1.7-1-x86_64 downloading...
checking keyring...
checking package integrity...
loading package files...
checking for file conflicts...
:: Running pre-transaction hooks...
(1/1) Distrobox hook /etc/distrobox-pre-hook.sh...
:: Processing package changes...
installing xorg-xwininfo...
:: Running post-transaction hooks...
(1/3) Arming ConditionNeedsUpdate...
(2/3) Distrobox hook /etc/distrobox-post-hook.sh...
(3/3) Distrobox hook /usr/share/libalpm/scripts/distrobox_post_hook.sh...
KMS: DRM_IOCTL_MODE_CREATE_DUMB failed: Permission denied
KMS: DRM_IOCTL_MODE_CREATE_DUMB failed: Permission denied
dbus-daemon[3291]: [session uid=1000 pid=3291 pidfd=5] Activating service name='org.freedesktop.systemd1' requested by ':1.1' (uid=1000 pid=3318 comm="podman container exists looom-arch")
dbus-daemon[3291]: [session uid=1000 pid=3291 pidfd=5] Activated service 'org.freedesktop.systemd1' failed: Process org.freedesktop.systemd1 exited with status 1
dbus-daemon[3291]: [session uid=1000 pid=3291 pidfd=5] Activating service name='org.freedesktop.systemd1' requested by ':1.1' (uid=1000 pid=3318 comm="podman container exists looom-arch")
dbus-daemon[3291]: [session uid=1000 pid=3291 pidfd=5] Activated service 'org.freedesktop.systemd1' failed: Process org.freedesktop.systemd1 exited with status 1
dbus-daemon[3291]: [session uid=1000 pid=3291 pidfd=5] Activating service name='org.freedesktop.Flatpak' requested by ':1.3' (uid=1000 pid=3314 comm="flatpak run --socket=x11 --nosocket=wayland --env=")
dbus-daemon[3291]: [session uid=1000 pid=3291 pidfd=5] Successfully activated service 'org.freedesktop.Flatpak'
dbus-daemon[3291]: [session uid=1000 pid=3291 pidfd=5] Activating service name='org.freedesktop.portal.Documents' requested by ':1.3' (uid=1000 pid=3314 comm="flatpak run --socket=x11 --nosocket=wayland --env=")
dbus-daemon[3291]: [session uid=1000 pid=3291 pidfd=5] Activating service name='org.freedesktop.impl.portal.PermissionStore' requested by ':1.5' (uid=1000 pid=3362 comm="/usr/lib/xdg-document-portal")
dbus-daemon[3291]: [session uid=1000 pid=3291 pidfd=5] Successfully activated service 'org.freedesktop.impl.portal.PermissionStore'
dbus-daemon[3291]: [session uid=1000 pid=3291 pidfd=5] Successfully activated service 'org.freedesktop.portal.Documents'
dbus-daemon[3291]: [session uid=1000 pid=3291 pidfd=5] Activating service name='org.a11y.Bus' requested by ':1.3' (uid=1000 pid=3314 comm="flatpak run --socket=x11 --nosocket=wayland --env=")
dbus-daemon[3291]: [session uid=1000 pid=3291 pidfd=5] Successfully activated service 'org.a11y.Bus'
dbus-daemon[3291]: [session uid=1000 pid=3291 pidfd=5] Activating service name='org.freedesktop.systemd1' requested by ':1.8' (uid=1000 pid=3348 comm="podman inspect --format {{json .Config.Labels}} lo")
dbus-daemon[3291]: [session uid=1000 pid=3291 pidfd=5] Activated service 'org.freedesktop.systemd1' failed: Process org.freedesktop.systemd1 exited with status 1
dbus-daemon[3291]: [session uid=1000 pid=3291 pidfd=5] Activating service name='org.freedesktop.systemd1' requested by ':1.8' (uid=1000 pid=3348 comm="podman inspect --format {{json .Config.Labels}} lo")
dbus-daemon[3291]: [session uid=1000 pid=3291 pidfd=5] Activated service 'org.freedesktop.systemd1' failed: Process org.freedesktop.systemd1 exited with status 1
dbus-daemon[3291]: [session uid=1000 pid=3291 pidfd=5] Activating service name='org.freedesktop.systemd1' requested by ':1.11' (uid=1000 pid=3415 comm="podman inspect --type container --format {{ index ")
dbus-daemon[3291]: [session uid=1000 pid=3291 pidfd=5] Activated service 'org.freedesktop.systemd1' failed: Process org.freedesktop.systemd1 exited with status 1
dbus-daemon[3291]: [session uid=1000 pid=3291 pidfd=5] Activating service name='org.freedesktop.systemd1' requested by ':1.11' (uid=1000 pid=3415 comm="podman inspect --type container --format {{ index ")
dbus-daemon[3291]: [session uid=1000 pid=3291 pidfd=5] Activated service 'org.freedesktop.systemd1' failed: Process org.freedesktop.systemd1 exited with status 1
Refusing to try glamor on llvmpipe
XWAYLAND: Disabling GLAMOR support
EGL setup failed, disabling glamor
Failed to initialize glamor, falling back to sw
MESA-EGL: warning: failed to open /dev/dri/card1: Permission denied
MESA-EGL: warning: failed to open /dev/dri/card1: Permission denied
MESA-EGL: warning: failed to open /dev/dri/card1: Permission denied
The XKEYBOARD keymap compiler (xkbcomp) reports:
> Warning:          Multiple symbols for level 1/group 1 on key <FK23>
>                   Using F23, ignoring XF86TouchpadOff
> Warning:          Symbol map for key <FK23> redefined
>                   Using last definition for conflicting fields
> Warning:          Symbol map for key <FK24> redefined
>                   Using last definition for conflicting fields
Errors from xkbcomp are not fatal to the X server
The XKEYBOARD keymap compiler (xkbcomp) reports:
> Warning:          Unsupported maximum keycode 709, clipping.
>                   X11 cannot support keycodes above 255.
> Warning:          Virtual modifier Hyper multiply defined
>                   Using 0, ignoring 0
> Warning:          Virtual modifier ScrollLock multiply defined
>                   Using 0, ignoring 0
Errors from xkbcomp are not fatal to the X server
dbus-daemon[3291]: [session uid=1000 pid=3291 pidfd=5] Activating service name='org.freedesktop.systemd1' requested by ':1.14' (uid=1000 pid=3437 comm="podman inspect --type container --format container")
dbus-daemon[3291]: [session uid=1000 pid=3291 pidfd=5] Activated service 'org.freedesktop.systemd1' failed: Process org.freedesktop.systemd1 exited with status 1
dbus-daemon[3291]: [session uid=1000 pid=3291 pidfd=5] Activating service name='org.freedesktop.systemd1' requested by ':1.14' (uid=1000 pid=3437 comm="podman inspect --type container --format container")
dbus-daemon[3291]: [session uid=1000 pid=3291 pidfd=5] Activated service 'org.freedesktop.systemd1' failed: Process org.freedesktop.systemd1 exited with status 1
dbus-daemon[3291]: [session uid=1000 pid=3291 pidfd=5] Activating service name='org.freedesktop.systemd1' requested by ':1.16' (uid=1000 pid=3402 comm="podman exec --interactive --detach-keys= --user=ke")
dbus-daemon[3291]: [session uid=1000 pid=3291 pidfd=5] Activated service 'org.freedesktop.systemd1' failed: Process org.freedesktop.systemd1 exited with status 1
dbus-daemon[3291]: [session uid=1000 pid=3291 pidfd=5] Activating service name='org.freedesktop.systemd1' requested by ':1.16' (uid=1000 pid=3402 comm="podman exec --interactive --detach-keys= --user=ke")
dbus-daemon[3291]: [session uid=1000 pid=3291 pidfd=5] Activated service 'org.freedesktop.systemd1' failed: Process org.freedesktop.systemd1 exited with status 1
dbus-daemon[3291]: [session uid=1000 pid=3291 pidfd=5] Activating service name='org.freedesktop.systemd1' requested by ':1.18' (uid=1000 pid=3402 comm="podman exec --interactive --detach-keys= --user=ke")
dbus-daemon[3291]: [session uid=1000 pid=3291 pidfd=5] Activated service 'org.freedesktop.systemd1' failed: Process org.freedesktop.systemd1 exited with status 1
dbus-daemon[3291]: [session uid=1000 pid=3291 pidfd=5] Activating service name='org.freedesktop.systemd1' requested by ':1.18' (uid=1000 pid=3402 comm="podman exec --interactive --detach-keys= --user=ke")
dbus-daemon[3291]: [session uid=1000 pid=3291 pidfd=5] Activated service 'org.freedesktop.systemd1' failed: Process org.freedesktop.systemd1 exited with status 1
dbus-daemon[3291]: [session uid=1000 pid=3291 pidfd=5] Activating service name='org.freedesktop.systemd1' requested by ':1.20' (uid=1000 pid=3531 comm="/usr/bin/crun --log-format=json --log /home/kexfff")
dbus-daemon[3291]: [session uid=1000 pid=3291 pidfd=5] Activated service 'org.freedesktop.systemd1' failed: Process org.freedesktop.systemd1 exited with status 1
dbus-daemon[3291]: [session uid=1000 pid=3291 pidfd=5] Activating service name='org.freedesktop.systemd1' requested by ':1.21' (uid=1000 pid=3537 comm="/usr/bin/podman --root /home/kexfff/.local/share/c")
dbus-daemon[3291]: [session uid=1000 pid=3291 pidfd=5] Activated service 'org.freedesktop.systemd1' failed: Process org.freedesktop.systemd1 exited with status 1
dbus-daemon[3291]: [session uid=1000 pid=3291 pidfd=5] Activating service name='org.freedesktop.systemd1' requested by ':1.21' (uid=1000 pid=3537 comm="/usr/bin/podman --root /home/kexfff/.local/share/c")
dbus-daemon[3291]: [session uid=1000 pid=3291 pidfd=5] Activated service 'org.freedesktop.systemd1' failed: Process org.freedesktop.systemd1 exited with status 1
dbus-daemon[3291]: [session uid=1000 pid=3291 pidfd=5] Activating service name='org.freedesktop.portal.Desktop' requested by ':1.10' (uid=1000 pid=3397 comm="xdg-dbus-proxy --args=77")

(/usr/lib/xdg-desktop-portal:3561): xdg-desktop-portal-WARNING **: 16:59:40.898: Failed to load RealtimeKit property: GDBus.Error:org.freedesktop.DBus.Error.ServiceUnknown: The name is not activatable

(/usr/lib/xdg-desktop-portal:3561): xdg-desktop-portal-WARNING **: 16:59:40.898: Failed to load RealtimeKit property: GDBus.Error:org.freedesktop.DBus.Error.ServiceUnknown: The name is not activatable

(/usr/lib/xdg-desktop-portal:3561): xdg-desktop-portal-WARNING **: 16:59:40.899: Failed to load RealtimeKit property: GDBus.Error:org.freedesktop.DBus.Error.ServiceUnknown: The name is not activatable

(/usr/lib/xdg-desktop-portal:3561): xdg-desktop-portal-WARNING **: 16:59:40.899: The location portal requires an access impl

(/usr/lib/xdg-desktop-portal:3561): xdg-desktop-portal-WARNING **: 16:59:40.899: The camera portal requires an access impl
dbus-daemon[3291]: [session uid=1000 pid=3291 pidfd=5] Successfully activated service 'org.freedesktop.portal.Desktop'
dbus-daemon[3291]: [session uid=1000 pid=3291 pidfd=5] Activating service name='org.freedesktop.systemd1' requested by ':1.25' (uid=1000 pid=3589 comm="podman container exists looom-arch")
dbus-daemon[3291]: [session uid=1000 pid=3291 pidfd=5] Activated service 'org.freedesktop.systemd1' failed: Process org.freedesktop.systemd1 exited with status 1
dbus-daemon[3291]: [session uid=1000 pid=3291 pidfd=5] Activating service name='org.freedesktop.systemd1' requested by ':1.25' (uid=1000 pid=3589 comm="podman container exists looom-arch")
dbus-daemon[3291]: [session uid=1000 pid=3291 pidfd=5] Activated service 'org.freedesktop.systemd1' failed: Process org.freedesktop.systemd1 exited with status 1
KMS: DRM_IOCTL_MODE_CREATE_DUMB failed: Permission denied
KMS: DRM_IOCTL_MODE_CREATE_DUMB failed: Permission denied
KMS: DRM_IOCTL_MODE_CREATE_DUMB failed: Permission denied
KMS: DRM_IOCTL_MODE_CREATE_DUMB failed: Permission denied
dbus-daemon[3291]: [session uid=1000 pid=3291 pidfd=5] Activating service name='org.freedesktop.systemd1' requested by ':1.27' (uid=1000 pid=3605 comm="podman inspect --format {{json .Config.Labels}} lo")
dbus-daemon[3291]: [session uid=1000 pid=3291 pidfd=5] Activated service 'org.freedesktop.systemd1' failed: Process org.freedesktop.systemd1 exited with status 1
dbus-daemon[3291]: [session uid=1000 pid=3291 pidfd=5] Activating service name='org.freedesktop.systemd1' requested by ':1.27' (uid=1000 pid=3605 comm="podman inspect --format {{json .Config.Labels}} lo")
dbus-daemon[3291]: [session uid=1000 pid=3291 pidfd=5] Activated service 'org.freedesktop.systemd1' failed: Process org.freedesktop.systemd1 exited with status 1
dbus-daemon[3291]: [session uid=1000 pid=3291 pidfd=5] Activating service name='org.freedesktop.systemd1' requested by ':1.29' (uid=1000 pid=3643 comm="podman inspect --type container --format {{ index ")
dbus-daemon[3291]: [session uid=1000 pid=3291 pidfd=5] Activated service 'org.freedesktop.systemd1' failed: Process org.freedesktop.systemd1 exited with status 1
dbus-daemon[3291]: [session uid=1000 pid=3291 pidfd=5] Activating service name='org.freedesktop.systemd1' requested by ':1.29' (uid=1000 pid=3643 comm="podman inspect --type container --format {{ index ")
dbus-daemon[3291]: [session uid=1000 pid=3291 pidfd=5] Activated service 'org.freedesktop.systemd1' failed: Process org.freedesktop.systemd1 exited with status 1
dbus-daemon[3291]: [session uid=1000 pid=3291 pidfd=5] Activating service name='org.freedesktop.systemd1' requested by ':1.31' (uid=1000 pid=3656 comm="podman inspect --type container --format container")
dbus-daemon[3291]: [session uid=1000 pid=3291 pidfd=5] Activated service 'org.freedesktop.systemd1' failed: Process org.freedesktop.systemd1 exited with status 1
dbus-daemon[3291]: [session uid=1000 pid=3291 pidfd=5] Activating service name='org.freedesktop.systemd1' requested by ':1.31' (uid=1000 pid=3656 comm="podman inspect --type container --format container")
dbus-daemon[3291]: [session uid=1000 pid=3291 pidfd=5] Activated service 'org.freedesktop.systemd1' failed: Process org.freedesktop.systemd1 exited with status 1
dbus-daemon[3291]: [session uid=1000 pid=3291 pidfd=5] Activating service name='org.freedesktop.systemd1' requested by ':1.33' (uid=1000 pid=3632 comm="podman exec --interactive --detach-keys= --user=ke")
dbus-daemon[3291]: [session uid=1000 pid=3291 pidfd=5] Activated service 'org.freedesktop.systemd1' failed: Process org.freedesktop.systemd1 exited with status 1
dbus-daemon[3291]: [session uid=1000 pid=3291 pidfd=5] Activating service name='org.freedesktop.systemd1' requested by ':1.33' (uid=1000 pid=3632 comm="podman exec --interactive --detach-keys= --user=ke")
dbus-daemon[3291]: [session uid=1000 pid=3291 pidfd=5] Activated service 'org.freedesktop.systemd1' failed: Process org.freedesktop.systemd1 exited with status 1
dbus-daemon[3291]: [session uid=1000 pid=3291 pidfd=5] Activating service name='org.freedesktop.systemd1' requested by ':1.35' (uid=1000 pid=3632 comm="podman exec --interactive --detach-keys= --user=ke")
dbus-daemon[3291]: [session uid=1000 pid=3291 pidfd=5] Activated service 'org.freedesktop.systemd1' failed: Process org.freedesktop.systemd1 exited with status 1
dbus-daemon[3291]: [session uid=1000 pid=3291 pidfd=5] Activating service name='org.freedesktop.systemd1' requested by ':1.35' (uid=1000 pid=3632 comm="podman exec --interactive --detach-keys= --user=ke")
dbus-daemon[3291]: [session uid=1000 pid=3291 pidfd=5] Activated service 'org.freedesktop.systemd1' failed: Process org.freedesktop.systemd1 exited with status 1
dbus-daemon[3291]: [session uid=1000 pid=3291 pidfd=5] Activating service name='org.freedesktop.systemd1' requested by ':1.37' (uid=1000 pid=3726 comm="/usr/bin/crun --log-format=json --log /home/kexfff")
dbus-daemon[3291]: [session uid=1000 pid=3291 pidfd=5] Activated service 'org.freedesktop.systemd1' failed: Process org.freedesktop.systemd1 exited with status 1
dbus-daemon[3291]: [session uid=1000 pid=3291 pidfd=5] Activating service name='org.freedesktop.systemd1' requested by ':1.38' (uid=1000 pid=3732 comm="/usr/bin/podman --root /home/kexfff/.local/share/c")
dbus-daemon[3291]: [session uid=1000 pid=3291 pidfd=5] Activated service 'org.freedesktop.systemd1' failed: Process org.freedesktop.systemd1 exited with status 1
dbus-daemon[3291]: [session uid=1000 pid=3291 pidfd=5] Activating service name='org.freedesktop.systemd1' requested by ':1.38' (uid=1000 pid=3732 comm="/usr/bin/podman --root /home/kexfff/.local/share/c")
dbus-daemon[3291]: [session uid=1000 pid=3291 pidfd=5] Activated service 'org.freedesktop.systemd1' failed: Process org.freedesktop.systemd1 exited with status 1
KMS: DRM_IOCTL_MODE_CREATE_DUMB failed: Permission denied
KMS: DRM_IOCTL_MODE_CREATE_DUMB failed: Permission denied
KMS: DRM_IOCTL_MODE_CREATE_DUMB failed: Permission denied
KMS: DRM_IOCTL_MODE_CREATE_DUMB failed: Permission denied
KMS: DRM_IOCTL_MODE_CREATE_DUMB failed: Permission denied
KMS: DRM_IOCTL_MODE_CREATE_DUMB failed: Permission denied
dbus-daemon[3389]: Activating service name='org.a11y.atspi.Registry' requested by ':1.1' (uid=1000 pid=3397 comm="xdg-dbus-proxy --args=77")
dbus-daemon[3389]: Successfully activated service 'org.a11y.atspi.Registry'
SpiRegistry daemon is running with well-known name - org.a11y.atspi.Registry
dbus-daemon[3291]: [session uid=1000 pid=3291 pidfd=5] Activating service name='org.freedesktop.systemd1' requested by ':1.42' (uid=1000 pid=3753 comm="podman container exists looom-arch")
dbus-daemon[3291]: [session uid=1000 pid=3291 pidfd=5] Activated service 'org.freedesktop.systemd1' failed: Process org.freedesktop.systemd1 exited with status 1
dbus-daemon[3291]: [session uid=1000 pid=3291 pidfd=5] Activating service name='org.freedesktop.systemd1' requested by ':1.42' (uid=1000 pid=3753 comm="podman container exists looom-arch")
dbus-daemon[3291]: [session uid=1000 pid=3291 pidfd=5] Activated service 'org.freedesktop.systemd1' failed: Process org.freedesktop.systemd1 exited with status 1
dbus-daemon[3291]: [session uid=1000 pid=3291 pidfd=5] Activating service name='org.freedesktop.systemd1' requested by ':1.44' (uid=1000 pid=3767 comm="podman inspect --format {{json .Config.Labels}} lo")
dbus-daemon[3291]: [session uid=1000 pid=3291 pidfd=5] Activated service 'org.freedesktop.systemd1' failed: Process org.freedesktop.systemd1 exited with status 1
dbus-daemon[3291]: [session uid=1000 pid=3291 pidfd=5] Activating service name='org.freedesktop.systemd1' requested by ':1.44' (uid=1000 pid=3767 comm="podman inspect --format {{json .Config.Labels}} lo")
dbus-daemon[3291]: [session uid=1000 pid=3291 pidfd=5] Activated service 'org.freedesktop.systemd1' failed: Process org.freedesktop.systemd1 exited with status 1
dbus-daemon[3291]: [session uid=1000 pid=3291 pidfd=5] Activating service name='org.freedesktop.portal.Flatpak' requested by ':1.10' (uid=1000 pid=3397 comm="xdg-dbus-proxy --args=77")
dbus-daemon[3291]: [session uid=1000 pid=3291 pidfd=5] Successfully activated service 'org.freedesktop.portal.Flatpak'
KMS: DRM_IOCTL_MODE_CREATE_DUMB failed: Permission denied
KMS: DRM_IOCTL_MODE_CREATE_DUMB failed: Permission denied
KMS: DRM_IOCTL_MODE_CREATE_DUMB failed: Permission denied
KMS: DRM_IOCTL_MODE_CREATE_DUMB failed: Permission denied
dbus-daemon[3291]: [session uid=1000 pid=3291 pidfd=5] Activating service name='org.freedesktop.systemd1' requested by ':1.47' (uid=1000 pid=3800 comm="podman inspect --type container --format {{ index ")
dbus-daemon[3291]: [session uid=1000 pid=3291 pidfd=5] Activated service 'org.freedesktop.systemd1' failed: Process org.freedesktop.systemd1 exited with status 1
dbus-daemon[3291]: [session uid=1000 pid=3291 pidfd=5] Activating service name='org.freedesktop.systemd1' requested by ':1.47' (uid=1000 pid=3800 comm="podman inspect --type container --format {{ index ")
dbus-daemon[3291]: [session uid=1000 pid=3291 pidfd=5] Activated service 'org.freedesktop.systemd1' failed: Process org.freedesktop.systemd1 exited with status 1
dbus-daemon[3291]: [session uid=1000 pid=3291 pidfd=5] Activating service name='org.freedesktop.systemd1' requested by ':1.49' (uid=1000 pid=3818 comm="podman inspect --type container --format container")
dbus-daemon[3291]: [session uid=1000 pid=3291 pidfd=5] Activated service 'org.freedesktop.systemd1' failed: Process org.freedesktop.systemd1 exited with status 1
dbus-daemon[3291]: [session uid=1000 pid=3291 pidfd=5] Activating service name='org.freedesktop.systemd1' requested by ':1.49' (uid=1000 pid=3818 comm="podman inspect --type container --format container")
dbus-daemon[3291]: [session uid=1000 pid=3291 pidfd=5] Activated service 'org.freedesktop.systemd1' failed: Process org.freedesktop.systemd1 exited with status 1
dbus-daemon[3291]: [session uid=1000 pid=3291 pidfd=5] Activating service name='org.freedesktop.systemd1' requested by ':1.51' (uid=1000 pid=3789 comm="podman exec --interactive --detach-keys= --user=ke")
dbus-daemon[3291]: [session uid=1000 pid=3291 pidfd=5] Activated service 'org.freedesktop.systemd1' failed: Process org.freedesktop.systemd1 exited with status 1
dbus-daemon[3291]: [session uid=1000 pid=3291 pidfd=5] Activating service name='org.freedesktop.systemd1' requested by ':1.51' (uid=1000 pid=3789 comm="podman exec --interactive --detach-keys= --user=ke")
dbus-daemon[3291]: [session uid=1000 pid=3291 pidfd=5] Activated service 'org.freedesktop.systemd1' failed: Process org.freedesktop.systemd1 exited with status 1
dbus-daemon[3291]: [session uid=1000 pid=3291 pidfd=5] Activating service name='org.freedesktop.systemd1' requested by ':1.53' (uid=1000 pid=3789 comm="podman exec --interactive --detach-keys= --user=ke")
dbus-daemon[3291]: [session uid=1000 pid=3291 pidfd=5] Activated service 'org.freedesktop.systemd1' failed: Process org.freedesktop.systemd1 exited with status 1
dbus-daemon[3291]: [session uid=1000 pid=3291 pidfd=5] Activating service name='org.freedesktop.systemd1' requested by ':1.53' (uid=1000 pid=3789 comm="podman exec --interactive --detach-keys= --user=ke")
dbus-daemon[3291]: [session uid=1000 pid=3291 pidfd=5] Activated service 'org.freedesktop.systemd1' failed: Process org.freedesktop.systemd1 exited with status 1
KMS: DRM_IOCTL_MODE_CREATE_DUMB failed: Permission denied
KMS: DRM_IOCTL_MODE_CREATE_DUMB failed: Permission denied
dbus-daemon[3291]: [session uid=1000 pid=3291 pidfd=5] Activating service name='org.freedesktop.systemd1' requested by ':1.55' (uid=1000 pid=3887 comm="/usr/bin/crun --log-format=json --log /home/kexfff")
KMS: DRM_IOCTL_MODE_CREATE_DUMB failed: Permission denied
KMS: DRM_IOCTL_MODE_CREATE_DUMB failed: Permission denied
dbus-daemon[3291]: [session uid=1000 pid=3291 pidfd=5] Activated service 'org.freedesktop.systemd1' failed: Process org.freedesktop.systemd1 exited with status 1
KMS: DRM_IOCTL_MODE_CREATE_DUMB failed: Permission denied
KMS: DRM_IOCTL_MODE_CREATE_DUMB failed: Permission denied
KMS: DRM_IOCTL_MODE_CREATE_DUMB failed: Permission denied
KMS: DRM_IOCTL_MODE_CREATE_DUMB failed: Permission denied
KMS: DRM_IOCTL_MODE_CREATE_DUMB failed: Permission denied
KMS: DRM_IOCTL_MODE_CREATE_DUMB failed: Permission denied
KMS: DRM_IOCTL_MODE_CREATE_DUMB failed: Permission denied
KMS: DRM_IOCTL_MODE_CREATE_DUMB failed: Permission denied
KMS: DRM_IOCTL_MODE_CREATE_DUMB failed: Permission denied
KMS: DRM_IOCTL_MODE_CREATE_DUMB failed: Permission denied
KMS: DRM_IOCTL_MODE_CREATE_DUMB failed: Permission denied
KMS: DRM_IOCTL_MODE_CREATE_DUMB failed: Permission denied
KMS: DRM_IOCTL_MODE_CREATE_DUMB failed: Permission denied
KMS: DRM_IOCTL_MODE_CREATE_DUMB failed: Permission denied
dbus-daemon[3291]: [session uid=1000 pid=3291 pidfd=5] Activating service name='org.freedesktop.systemd1' requested by ':1.56' (uid=1000 pid=3894 comm="/usr/bin/podman --root /home/kexfff/.local/share/c")
dbus-daemon[3291]: [session uid=1000 pid=3291 pidfd=5] Activated service 'org.freedesktop.systemd1' failed: Process org.freedesktop.systemd1 exited with status 1
dbus-daemon[3291]: [session uid=1000 pid=3291 pidfd=5] Activating service name='org.freedesktop.systemd1' requested by ':1.56' (uid=1000 pid=3894 comm="/usr/bin/podman --root /home/kexfff/.local/share/c")
dbus-daemon[3291]: [session uid=1000 pid=3291 pidfd=5] Activated service 'org.freedesktop.systemd1' failed: Process org.freedesktop.systemd1 exited with status 1
KMS: DRM_IOCTL_MODE_CREATE_DUMB failed: Permission denied
KMS: DRM_IOCTL_MODE_CREATE_DUMB failed: Permission denied
KMS: DRM_IOCTL_MODE_CREATE_DUMB failed: Permission denied
KMS: DRM_IOCTL_MODE_CREATE_DUMB failed: Permission denied
KMS: DRM_IOCTL_MODE_CREATE_DUMB failed: Permission denied
KMS: DRM_IOCTL_MODE_CREATE_DUMB failed: Permission denied
KMS: DRM_IOCTL_MODE_CREATE_DUMB failed: Permission denied
KMS: DRM_IOCTL_MODE_CREATE_DUMB failed: Permission denied
KMS: DRM_IOCTL_MODE_CREATE_DUMB failed: Permission denied
KMS: DRM_IOCTL_MODE_CREATE_DUMB failed: Permission denied
KMS: DRM_IOCTL_MODE_CREATE_DUMB failed: Permission denied
KMS: DRM_IOCTL_MODE_CREATE_DUMB failed: Permission denied
KMS: DRM_IOCTL_MODE_CREATE_DUMB failed: Permission denied
KMS: DRM_IOCTL_MODE_CREATE_DUMB failed: Permission denied
KMS: DRM_IOCTL_MODE_CREATE_DUMB failed: Permission denied
KMS: DRM_IOCTL_MODE_CREATE_DUMB failed: Permission denied
KMS: DRM_IOCTL_MODE_CREATE_DUMB failed: Permission denied
KMS: DRM_IOCTL_MODE_CREATE_DUMB failed: Permission denied
KMS: DRM_IOCTL_MODE_CREATE_DUMB failed: Permission denied
KMS: DRM_IOCTL_MODE_CREATE_DUMB failed: Permission denied
KMS: DRM_IOCTL_MODE_CREATE_DUMB failed: Permission denied
KMS: DRM_IOCTL_MODE_CREATE_DUMB failed: Permission denied
KMS: DRM_IOCTL_MODE_CREATE_DUMB failed: Permission denied
KMS: DRM_IOCTL_MODE_CREATE_DUMB failed: Permission denied
KMS: DRM_IOCTL_MODE_CREATE_DUMB failed: Permission denied
KMS: DRM_IOCTL_MODE_CREATE_DUMB failed: Permission denied
KMS: DRM_IOCTL_MODE_CREATE_DUMB failed: Permission denied
KMS: DRM_IOCTL_MODE_CREATE_DUMB failed: Permission denied
KMS: DRM_IOCTL_MODE_CREATE_DUMB failed: Permission denied
KMS: DRM_IOCTL_MODE_CREATE_DUMB failed: Permission denied
KMS: DRM_IOCTL_MODE_CREATE_DUMB failed: Permission denied
KMS: DRM_IOCTL_MODE_CREATE_DUMB failed: Permission denied
dbus-daemon[3291]: [session uid=1000 pid=3291 pidfd=5] Activating service name='org.freedesktop.systemd1' requested by ':1.58' (uid=1000 pid=3908 comm="podman container exists looom-arch")
dbus-daemon[3291]: [session uid=1000 pid=3291 pidfd=5] Activated service 'org.freedesktop.systemd1' failed: Process org.freedesktop.systemd1 exited with status 1
KMS: DRM_IOCTL_MODE_CREATE_DUMB failed: Permission denied
KMS: DRM_IOCTL_MODE_CREATE_DUMB failed: Permission denied
dbus-daemon[3291]: [session uid=1000 pid=3291 pidfd=5] Activating service name='org.freedesktop.systemd1' requested by ':1.58' (uid=1000 pid=3908 comm="podman container exists looom-arch")
dbus-daemon[3291]: [session uid=1000 pid=3291 pidfd=5] Activated service 'org.freedesktop.systemd1' failed: Process org.freedesktop.systemd1 exited with status 1
KMS: DRM_IOCTL_MODE_CREATE_DUMB failed: Permission denied
KMS: DRM_IOCTL_MODE_CREATE_DUMB failed: Permission denied
KMS: DRM_IOCTL_MODE_CREATE_DUMB failed: Permission denied
KMS: DRM_IOCTL_MODE_CREATE_DUMB failed: Permission denied
dbus-daemon[3291]: [session uid=1000 pid=3291 pidfd=5] Activating service name='org.freedesktop.systemd1' requested by ':1.60' (uid=1000 pid=3921 comm="podman inspect --format {{json .Config.Labels}} lo")
dbus-daemon[3291]: [session uid=1000 pid=3291 pidfd=5] Activated service 'org.freedesktop.systemd1' failed: Process org.freedesktop.systemd1 exited with status 1
dbus-daemon[3291]: [session uid=1000 pid=3291 pidfd=5] Activating service name='org.freedesktop.systemd1' requested by ':1.60' (uid=1000 pid=3921 comm="podman inspect --format {{json .Config.Labels}} lo")
KMS: DRM_IOCTL_MODE_CREATE_DUMB failed: Permission denied
KMS: DRM_IOCTL_MODE_CREATE_DUMB failed: Permission denied
dbus-daemon[3291]: [session uid=1000 pid=3291 pidfd=5] Activated service 'org.freedesktop.systemd1' failed: Process org.freedesktop.systemd1 exited with status 1
KMS: DRM_IOCTL_MODE_CREATE_DUMB failed: Permission denied
KMS: DRM_IOCTL_MODE_CREATE_DUMB failed: Permission denied
KMS: DRM_IOCTL_MODE_CREATE_DUMB failed: Permission denied
KMS: DRM_IOCTL_MODE_CREATE_DUMB failed: Permission denied
KMS: DRM_IOCTL_MODE_CREATE_DUMB failed: Permission denied
KMS: DRM_IOCTL_MODE_CREATE_DUMB failed: Permission denied
KMS: DRM_IOCTL_MODE_CREATE_DUMB failed: Permission denied
KMS: DRM_IOCTL_MODE_CREATE_DUMB failed: Permission denied
KMS: DRM_IOCTL_MODE_CREATE_DUMB failed: Permission denied
KMS: DRM_IOCTL_MODE_CREATE_DUMB failed: Permission denied
KMS: DRM_IOCTL_MODE_CREATE_DUMB failed: Permission denied
KMS: DRM_IOCTL_MODE_CREATE_DUMB failed: Permission denied
KMS: DRM_IOCTL_MODE_CREATE_DUMB failed: Permission denied
KMS: DRM_IOCTL_MODE_CREATE_DUMB failed: Permission denied
dbus-daemon[3291]: [session uid=1000 pid=3291 pidfd=5] Activating service name='org.freedesktop.systemd1' requested by ':1.62' (uid=1000 pid=3948 comm="podman inspect --type container --format {{ index ")
dbus-daemon[3291]: [session uid=1000 pid=3291 pidfd=5] Activated service 'org.freedesktop.systemd1' failed: Process org.freedesktop.systemd1 exited with status 1
dbus-daemon[3291]: [session uid=1000 pid=3291 pidfd=5] Activating service name='org.freedesktop.systemd1' requested by ':1.62' (uid=1000 pid=3948 comm="podman inspect --type container --format {{ index ")
dbus-daemon[3291]: [session uid=1000 pid=3291 pidfd=5] Activated service 'org.freedesktop.systemd1' failed: Process org.freedesktop.systemd1 exited with status 1
KMS: DRM_IOCTL_MODE_CREATE_DUMB failed: Permission denied
KMS: DRM_IOCTL_MODE_CREATE_DUMB failed: Permission denied
KMS: DRM_IOCTL_MODE_CREATE_DUMB failed: Permission denied
KMS: DRM_IOCTL_MODE_CREATE_DUMB failed: Permission denied
dbus-daemon[3291]: [session uid=1000 pid=3291 pidfd=5] Activating service name='org.freedesktop.systemd1' requested by ':1.64' (uid=1000 pid=3961 comm="podman inspect --type container --format container")
dbus-daemon[3291]: [session uid=1000 pid=3291 pidfd=5] Activated service 'org.freedesktop.systemd1' failed: Process org.freedesktop.systemd1 exited with status 1
dbus-daemon[3291]: [session uid=1000 pid=3291 pidfd=5] Activating service name='org.freedesktop.systemd1' requested by ':1.64' (uid=1000 pid=3961 comm="podman inspect --type container --format container")
dbus-daemon[3291]: [session uid=1000 pid=3291 pidfd=5] Activated service 'org.freedesktop.systemd1' failed: Process org.freedesktop.systemd1 exited with status 1
dbus-daemon[3291]: [session uid=1000 pid=3291 pidfd=5] Activating service name='org.freedesktop.systemd1' requested by ':1.66' (uid=1000 pid=3937 comm="podman exec --interactive --detach-keys= --user=ke")
dbus-daemon[3291]: [session uid=1000 pid=3291 pidfd=5] Activated service 'org.freedesktop.systemd1' failed: Process org.freedesktop.systemd1 exited with status 1
dbus-daemon[3291]: [session uid=1000 pid=3291 pidfd=5] Activating service name='org.freedesktop.systemd1' requested by ':1.66' (uid=1000 pid=3937 comm="podman exec --interactive --detach-keys= --user=ke")
dbus-daemon[3291]: [session uid=1000 pid=3291 pidfd=5] Activated service 'org.freedesktop.systemd1' failed: Process org.freedesktop.systemd1 exited with status 1
dbus-daemon[3291]: [session uid=1000 pid=3291 pidfd=5] Activating service name='org.freedesktop.systemd1' requested by ':1.68' (uid=1000 pid=3937 comm="podman exec --interactive --detach-keys= --user=ke")
dbus-daemon[3291]: [session uid=1000 pid=3291 pidfd=5] Activated service 'org.freedesktop.systemd1' failed: Process org.freedesktop.systemd1 exited with status 1
dbus-daemon[3291]: [session uid=1000 pid=3291 pidfd=5] Activating service name='org.freedesktop.systemd1' requested by ':1.68' (uid=1000 pid=3937 comm="podman exec --interactive --detach-keys= --user=ke")
dbus-daemon[3291]: [session uid=1000 pid=3291 pidfd=5] Activated service 'org.freedesktop.systemd1' failed: Process org.freedesktop.systemd1 exited with status 1
dbus-daemon[3291]: [session uid=1000 pid=3291 pidfd=5] Activating service name='org.freedesktop.systemd1' requested by ':1.70' (uid=1000 pid=4030 comm="/usr/bin/crun --log-format=json --log /home/kexfff")
dbus-daemon[3291]: [session uid=1000 pid=3291 pidfd=5] Activated service 'org.freedesktop.systemd1' failed: Process org.freedesktop.systemd1 exited with status 1
KMS: DRM_IOCTL_MODE_CREATE_DUMB failed: Permission denied
KMS: DRM_IOCTL_MODE_CREATE_DUMB failed: Permission denied
KMS: DRM_IOCTL_MODE_CREATE_DUMB failed: Permission denied
KMS: DRM_IOCTL_MODE_CREATE_DUMB failed: Permission denied
KMS: DRM_IOCTL_MODE_CREATE_DUMB failed: Permission denied
KMS: DRM_IOCTL_MODE_CREATE_DUMB failed: Permission denied
KMS: DRM_IOCTL_MODE_CREATE_DUMB failed: Permission denied
KMS: DRM_IOCTL_MODE_CREATE_DUMB failed: Permission denied
dbus-daemon[3291]: [session uid=1000 pid=3291 pidfd=5] Activating service name='org.freedesktop.systemd1' requested by ':1.71' (uid=1000 pid=4036 comm="/usr/bin/podman --root /home/kexfff/.local/share/c")
dbus-daemon[3291]: [session uid=1000 pid=3291 pidfd=5] Activated service 'org.freedesktop.systemd1' failed: Process org.freedesktop.systemd1 exited with status 1
dbus-daemon[3291]: [session uid=1000 pid=3291 pidfd=5] Activating service name='org.freedesktop.systemd1' requested by ':1.71' (uid=1000 pid=4036 comm="/usr/bin/podman --root /home/kexfff/.local/share/c")
dbus-daemon[3291]: [session uid=1000 pid=3291 pidfd=5] Activated service 'org.freedesktop.systemd1' failed: Process org.freedesktop.systemd1 exited with status 1
KMS: DRM_IOCTL_MODE_CREATE_DUMB failed: Permission denied
KMS: DRM_IOCTL_MODE_CREATE_DUMB failed: Permission denied
KMS: DRM_IOCTL_MODE_CREATE_DUMB failed: Permission denied
KMS: DRM_IOCTL_MODE_CREATE_DUMB failed: Permission denied
KMS: DRM_IOCTL_MODE_CREATE_DUMB failed: Permission denied
KMS: DRM_IOCTL_MODE_CREATE_DUMB failed: Permission denied
KMS: DRM_IOCTL_MODE_CREATE_DUMB failed: Permission denied
KMS: DRM_IOCTL_MODE_CREATE_DUMB failed: Permission denied
KMS: DRM_IOCTL_MODE_CREATE_DUMB failed: Permission denied
KMS: DRM_IOCTL_MODE_CREATE_DUMB failed: Permission denied
KMS: DRM_IOCTL_MODE_CREATE_DUMB failed: Permission denied
KMS: DRM_IOCTL_MODE_CREATE_DUMB failed: Permission denied
KMS: DRM_IOCTL_MODE_CREATE_DUMB failed: Permission denied
KMS: DRM_IOCTL_MODE_CREATE_DUMB failed: Permission denied
KMS: DRM_IOCTL_MODE_CREATE_DUMB failed: Permission denied
KMS: DRM_IOCTL_MODE_CREATE_DUMB failed: Permission denied
KMS: DRM_IOCTL_MODE_CREATE_DUMB failed: Permission denied
KMS: DRM_IOCTL_MODE_CREATE_DUMB failed: Permission denied
KMS: DRM_IOCTL_MODE_CREATE_DUMB failed: Permission denied
KMS: DRM_IOCTL_MODE_CREATE_DUMB failed: Permission denied
KMS: DRM_IOCTL_MODE_CREATE_DUMB failed: Permission denied
KMS: DRM_IOCTL_MODE_CREATE_DUMB failed: Permission denied
KMS: DRM_IOCTL_MODE_CREATE_DUMB failed: Permission denied
KMS: DRM_IOCTL_MODE_CREATE_DUMB failed: Permission denied
KMS: DRM_IOCTL_MODE_CREATE_DUMB failed: Permission denied
KMS: DRM_IOCTL_MODE_CREATE_DUMB failed: Permission denied
KMS: DRM_IOCTL_MODE_CREATE_DUMB failed: Permission denied
KMS: DRM_IOCTL_MODE_CREATE_DUMB failed: Permission denied
KMS: DRM_IOCTL_MODE_CREATE_DUMB failed: Permission denied
KMS: DRM_IOCTL_MODE_CREATE_DUMB failed: Permission denied
KMS: DRM_IOCTL_MODE_CREATE_DUMB failed: Permission denied
KMS: DRM_IOCTL_MODE_CREATE_DUMB failed: Permission denied
dbus-daemon[3291]: [session uid=1000 pid=3291 pidfd=5] Activating service name='org.freedesktop.systemd1' requested by ':1.73' (uid=1000 pid=4050 comm="podman container exists looom-arch")
dbus-daemon[3291]: [session uid=1000 pid=3291 pidfd=5] Activated service 'org.freedesktop.systemd1' failed: Process org.freedesktop.systemd1 exited with status 1
dbus-daemon[3291]: [session uid=1000 pid=3291 pidfd=5] Activating service name='org.freedesktop.systemd1' requested by ':1.73' (uid=1000 pid=4050 comm="podman container exists looom-arch")
KMS: DRM_IOCTL_MODE_CREATE_DUMB failed: Permission denied
KMS: DRM_IOCTL_MODE_CREATE_DUMB failed: Permission denied
dbus-daemon[3291]: [session uid=1000 pid=3291 pidfd=5] Activated service 'org.freedesktop.systemd1' failed: Process org.freedesktop.systemd1 exited with status 1
KMS: DRM_IOCTL_MODE_CREATE_DUMB failed: Permission denied
KMS: DRM_IOCTL_MODE_CREATE_DUMB failed: Permission denied
KMS: DRM_IOCTL_MODE_CREATE_DUMB failed: Permission denied
KMS: DRM_IOCTL_MODE_CREATE_DUMB failed: Permission denied
KMS: DRM_IOCTL_MODE_CREATE_DUMB failed: Permission denied
KMS: DRM_IOCTL_MODE_CREATE_DUMB failed: Permission denied
dbus-daemon[3291]: [session uid=1000 pid=3291 pidfd=5] Activating service name='org.freedesktop.systemd1' requested by ':1.75' (uid=1000 pid=4063 comm="podman inspect --format {{json .Config.Labels}} lo")
KMS: DRM_IOCTL_MODE_CREATE_DUMB failed: Permission denied
KMS: DRM_IOCTL_MODE_CREATE_DUMB failed: Permission denied
dbus-daemon[3291]: [session uid=1000 pid=3291 pidfd=5] Activated service 'org.freedesktop.systemd1' failed: Process org.freedesktop.systemd1 exited with status 1
dbus-daemon[3291]: [session uid=1000 pid=3291 pidfd=5] Activating service name='org.freedesktop.systemd1' requested by ':1.75' (uid=1000 pid=4063 comm="podman inspect --format {{json .Config.Labels}} lo")
dbus-daemon[3291]: [session uid=1000 pid=3291 pidfd=5] Activated service 'org.freedesktop.systemd1' failed: Process org.freedesktop.systemd1 exited with status 1
KMS: DRM_IOCTL_MODE_CREATE_DUMB failed: Permission denied
KMS: DRM_IOCTL_MODE_CREATE_DUMB failed: Permission denied
KMS: DRM_IOCTL_MODE_CREATE_DUMB failed: Permission denied
KMS: DRM_IOCTL_MODE_CREATE_DUMB failed: Permission denied
KMS: DRM_IOCTL_MODE_CREATE_DUMB failed: Permission denied
KMS: DRM_IOCTL_MODE_CREATE_DUMB failed: Permission denied
KMS: DRM_IOCTL_MODE_CREATE_DUMB failed: Permission denied
KMS: DRM_IOCTL_MODE_CREATE_DUMB failed: Permission denied
KMS: DRM_IOCTL_MODE_CREATE_DUMB failed: Permission denied
KMS: DRM_IOCTL_MODE_CREATE_DUMB failed: Permission denied
KMS: DRM_IOCTL_MODE_CREATE_DUMB failed: Permission denied
KMS: DRM_IOCTL_MODE_CREATE_DUMB failed: Permission denied
dbus-daemon[3291]: [session uid=1000 pid=3291 pidfd=5] Activating service name='org.freedesktop.systemd1' requested by ':1.77' (uid=1000 pid=4089 comm="podman inspect --type container --format {{ index ")
dbus-daemon[3291]: [session uid=1000 pid=3291 pidfd=5] Activated service 'org.freedesktop.systemd1' failed: Process org.freedesktop.systemd1 exited with status 1
dbus-daemon[3291]: [session uid=1000 pid=3291 pidfd=5] Activating service name='org.freedesktop.systemd1' requested by ':1.77' (uid=1000 pid=4089 comm="podman inspect --type container --format {{ index ")
dbus-daemon[3291]: [session uid=1000 pid=3291 pidfd=5] Activated service 'org.freedesktop.systemd1' failed: Process org.freedesktop.systemd1 exited with status 1
KMS: DRM_IOCTL_MODE_CREATE_DUMB failed: Permission denied
KMS: DRM_IOCTL_MODE_CREATE_DUMB failed: Permission denied
KMS: DRM_IOCTL_MODE_CREATE_DUMB failed: Permission denied
KMS: DRM_IOCTL_MODE_CREATE_DUMB failed: Permission denied
KMS: DRM_IOCTL_MODE_CREATE_DUMB failed: Permission denied
KMS: DRM_IOCTL_MODE_CREATE_DUMB failed: Permission denied
KMS: DRM_IOCTL_MODE_CREATE_DUMB failed: Permission denied
KMS: DRM_IOCTL_MODE_CREATE_DUMB failed: Permission denied
KMS: DRM_IOCTL_MODE_CREATE_DUMB failed: Permission denied
KMS: DRM_IOCTL_MODE_CREATE_DUMB failed: Permission denied
dbus-daemon[3291]: [session uid=1000 pid=3291 pidfd=5] Activating service name='org.freedesktop.systemd1' requested by ':1.79' (uid=1000 pid=4102 comm="podman inspect --type container --format container")
dbus-daemon[3291]: [session uid=1000 pid=3291 pidfd=5] Activated service 'org.freedesktop.systemd1' failed: Process org.freedesktop.systemd1 exited with status 1
KMS: DRM_IOCTL_MODE_CREATE_DUMB failed: Permission denied
KMS: DRM_IOCTL_MODE_CREATE_DUMB failed: Permission denied
dbus-daemon[3291]: [session uid=1000 pid=3291 pidfd=5] Activating service name='org.freedesktop.systemd1' requested by ':1.79' (uid=1000 pid=4102 comm="podman inspect --type container --format container")
dbus-daemon[3291]: [session uid=1000 pid=3291 pidfd=5] Activated service 'org.freedesktop.systemd1' failed: Process org.freedesktop.systemd1 exited with status 1
KMS: DRM_IOCTL_MODE_CREATE_DUMB failed: Permission denied
KMS: DRM_IOCTL_MODE_CREATE_DUMB failed: Permission denied
dbus-daemon[3291]: [session uid=1000 pid=3291 pidfd=5] Activating service name='org.freedesktop.systemd1' requested by ':1.81' (uid=1000 pid=4078 comm="podman exec --interactive --detach-keys= --user=ke")
dbus-daemon[3291]: [session uid=1000 pid=3291 pidfd=5] Activated service 'org.freedesktop.systemd1' failed: Process org.freedesktop.systemd1 exited with status 1
dbus-daemon[3291]: [session uid=1000 pid=3291 pidfd=5] Activating service name='org.freedesktop.systemd1' requested by ':1.81' (uid=1000 pid=4078 comm="podman exec --interactive --detach-keys= --user=ke")
dbus-daemon[3291]: [session uid=1000 pid=3291 pidfd=5] Activated service 'org.freedesktop.systemd1' failed: Process org.freedesktop.systemd1 exited with status 1
dbus-daemon[3291]: [session uid=1000 pid=3291 pidfd=5] Activating service name='org.freedesktop.systemd1' requested by ':1.83' (uid=1000 pid=4078 comm="podman exec --interactive --detach-keys= --user=ke")
dbus-daemon[3291]: [session uid=1000 pid=3291 pidfd=5] Activated service 'org.freedesktop.systemd1' failed: Process org.freedesktop.systemd1 exited with status 1
dbus-daemon[3291]: [session uid=1000 pid=3291 pidfd=5] Activating service name='org.freedesktop.systemd1' requested by ':1.83' (uid=1000 pid=4078 comm="podman exec --interactive --detach-keys= --user=ke")
dbus-daemon[3291]: [session uid=1000 pid=3291 pidfd=5] Activated service 'org.freedesktop.systemd1' failed: Process org.freedesktop.systemd1 exited with status 1
dbus-daemon[3291]: [session uid=1000 pid=3291 pidfd=5] Activating service name='org.freedesktop.systemd1' requested by ':1.85' (uid=1000 pid=4171 comm="/usr/bin/crun --log-format=json --log /home/kexfff")
dbus-daemon[3291]: [session uid=1000 pid=3291 pidfd=5] Activated service 'org.freedesktop.systemd1' failed: Process org.freedesktop.systemd1 exited with status 1
KMS: DRM_IOCTL_MODE_CREATE_DUMB failed: Permission denied
KMS: DRM_IOCTL_MODE_CREATE_DUMB failed: Permission denied
KMS: DRM_IOCTL_MODE_CREATE_DUMB failed: Permission denied
KMS: DRM_IOCTL_MODE_CREATE_DUMB failed: Permission denied
KMS: DRM_IOCTL_MODE_CREATE_DUMB failed: Permission denied
KMS: DRM_IOCTL_MODE_CREATE_DUMB failed: Permission denied
KMS: DRM_IOCTL_MODE_CREATE_DUMB failed: Permission denied
KMS: DRM_IOCTL_MODE_CREATE_DUMB failed: Permission denied
KMS: DRM_IOCTL_MODE_CREATE_DUMB failed: Permission denied
KMS: DRM_IOCTL_MODE_CREATE_DUMB failed: Permission denied
dbus-daemon[3291]: [session uid=1000 pid=3291 pidfd=5] Activating service name='org.freedesktop.systemd1' requested by ':1.86' (uid=1000 pid=4177 comm="/usr/bin/podman --root /home/kexfff/.local/share/c")
dbus-daemon[3291]: [session uid=1000 pid=3291 pidfd=5] Activated service 'org.freedesktop.systemd1' failed: Process org.freedesktop.systemd1 exited with status 1
dbus-daemon[3291]: [session uid=1000 pid=3291 pidfd=5] Activating service name='org.freedesktop.systemd1' requested by ':1.86' (uid=1000 pid=4177 comm="/usr/bin/podman --root /home/kexfff/.local/share/c")
dbus-daemon[3291]: [session uid=1000 pid=3291 pidfd=5] Activated service 'org.freedesktop.systemd1' failed: Process org.freedesktop.systemd1 exited with status 1
KMS: DRM_IOCTL_MODE_CREATE_DUMB failed: Permission denied
KMS: DRM_IOCTL_MODE_CREATE_DUMB failed: Permission denied
KMS: DRM_IOCTL_MODE_CREATE_DUMB failed: Permission denied
KMS: DRM_IOCTL_MODE_CREATE_DUMB failed: Permission denied
KMS: DRM_IOCTL_MODE_CREATE_DUMB failed: Permission denied
KMS: DRM_IOCTL_MODE_CREATE_DUMB failed: Permission denied
KMS: DRM_IOCTL_MODE_CREATE_DUMB failed: Permission denied
KMS: DRM_IOCTL_MODE_CREATE_DUMB failed: Permission denied
KMS: DRM_IOCTL_MODE_CREATE_DUMB failed: Permission denied
KMS: DRM_IOCTL_MODE_CREATE_DUMB failed: Permission denied
KMS: DRM_IOCTL_MODE_CREATE_DUMB failed: Permission denied
KMS: DRM_IOCTL_MODE_CREATE_DUMB failed: Permission denied
KMS: DRM_IOCTL_MODE_CREATE_DUMB failed: Permission denied
KMS: DRM_IOCTL_MODE_CREATE_DUMB failed: Permission denied
KMS: DRM_IOCTL_MODE_CREATE_DUMB failed: Permission denied
KMS: DRM_IOCTL_MODE_CREATE_DUMB failed: Permission denied
KMS: DRM_IOCTL_MODE_CREATE_DUMB failed: Permission denied
KMS: DRM_IOCTL_MODE_CREATE_DUMB failed: Permission denied
KMS: DRM_IOCTL_MODE_CREATE_DUMB failed: Permission denied
KMS: DRM_IOCTL_MODE_CREATE_DUMB failed: Permission denied
KMS: DRM_IOCTL_MODE_CREATE_DUMB failed: Permission denied
KMS: DRM_IOCTL_MODE_CREATE_DUMB failed: Permission denied
KMS: DRM_IOCTL_MODE_CREATE_DUMB failed: Permission denied
KMS: DRM_IOCTL_MODE_CREATE_DUMB failed: Permission denied
KMS: DRM_IOCTL_MODE_CREATE_DUMB failed: Permission denied
KMS: DRM_IOCTL_MODE_CREATE_DUMB failed: Permission denied
KMS: DRM_IOCTL_MODE_CREATE_DUMB failed: Permission denied
KMS: DRM_IOCTL_MODE_CREATE_DUMB failed: Permission denied
KMS: DRM_IOCTL_MODE_CREATE_DUMB failed: Permission denied
KMS: DRM_IOCTL_MODE_CREATE_DUMB failed: Permission denied
KMS: DRM_IOCTL_MODE_CREATE_DUMB failed: Permission denied
KMS: DRM_IOCTL_MODE_CREATE_DUMB failed: Permission denied
dbus-daemon[3291]: [session uid=1000 pid=3291 pidfd=5] Activating service name='org.freedesktop.systemd1' requested by ':1.88' (uid=1000 pid=4191 comm="podman container exists looom-arch")
dbus-daemon[3291]: [session uid=1000 pid=3291 pidfd=5] Activated service 'org.freedesktop.systemd1' failed: Process org.freedesktop.systemd1 exited with status 1
dbus-daemon[3291]: [session uid=1000 pid=3291 pidfd=5] Activating service name='org.freedesktop.systemd1' requested by ':1.88' (uid=1000 pid=4191 comm="podman container exists looom-arch")
KMS: DRM_IOCTL_MODE_CREATE_DUMB failed: Permission denied
KMS: DRM_IOCTL_MODE_CREATE_DUMB failed: Permission denied
dbus-daemon[3291]: [session uid=1000 pid=3291 pidfd=5] Activated service 'org.freedesktop.systemd1' failed: Process org.freedesktop.systemd1 exited with status 1
KMS: DRM_IOCTL_MODE_CREATE_DUMB failed: Permission denied
KMS: DRM_IOCTL_MODE_CREATE_DUMB failed: Permission denied
KMS: DRM_IOCTL_MODE_CREATE_DUMB failed: Permission denied
KMS: DRM_IOCTL_MODE_CREATE_DUMB failed: Permission denied
KMS: DRM_IOCTL_MODE_CREATE_DUMB failed: Permission denied
KMS: DRM_IOCTL_MODE_CREATE_DUMB failed: Permission denied
KMS: DRM_IOCTL_MODE_CREATE_DUMB failed: Permission denied
KMS: DRM_IOCTL_MODE_CREATE_DUMB failed: Permission denied
dbus-daemon[3291]: [session uid=1000 pid=3291 pidfd=5] Activating service name='org.freedesktop.systemd1' requested by ':1.90' (uid=1000 pid=4204 comm="podman inspect --format {{json .Config.Labels}} lo")
KMS: DRM_IOCTL_MODE_CREATE_DUMB failed: Permission denied
KMS: DRM_IOCTL_MODE_CREATE_DUMB failed: Permission denied
dbus-daemon[3291]: [session uid=1000 pid=3291 pidfd=5] Activated service 'org.freedesktop.systemd1' failed: Process org.freedesktop.systemd1 exited with status 1
dbus-daemon[3291]: [session uid=1000 pid=3291 pidfd=5] Activating service name='org.freedesktop.systemd1' requested by ':1.90' (uid=1000 pid=4204 comm="podman inspect --format {{json .Config.Labels}} lo")
dbus-daemon[3291]: [session uid=1000 pid=3291 pidfd=5] Activated service 'org.freedesktop.systemd1' failed: Process org.freedesktop.systemd1 exited with status 1
KMS: DRM_IOCTL_MODE_CREATE_DUMB failed: Permission denied
KMS: DRM_IOCTL_MODE_CREATE_DUMB failed: Permission denied
KMS: DRM_IOCTL_MODE_CREATE_DUMB failed: Permission denied
KMS: DRM_IOCTL_MODE_CREATE_DUMB failed: Permission denied
KMS: DRM_IOCTL_MODE_CREATE_DUMB failed: Permission denied
KMS: DRM_IOCTL_MODE_CREATE_DUMB failed: Permission denied
KMS: DRM_IOCTL_MODE_CREATE_DUMB failed: Permission denied
KMS: DRM_IOCTL_MODE_CREATE_DUMB failed: Permission denied
KMS: DRM_IOCTL_MODE_CREATE_DUMB failed: Permission denied
KMS: DRM_IOCTL_MODE_CREATE_DUMB failed: Permission denied
KMS: DRM_IOCTL_MODE_CREATE_DUMB failed: Permission denied
KMS: DRM_IOCTL_MODE_CREATE_DUMB failed: Permission denied
KMS: DRM_IOCTL_MODE_CREATE_DUMB failed: Permission denied
KMS: DRM_IOCTL_MODE_CREATE_DUMB failed: Permission denied
dbus-daemon[3291]: [session uid=1000 pid=3291 pidfd=5] Activating service name='org.freedesktop.systemd1' requested by ':1.92' (uid=1000 pid=4231 comm="podman inspect --type container --format {{ index ")
dbus-daemon[3291]: [session uid=1000 pid=3291 pidfd=5] Activated service 'org.freedesktop.systemd1' failed: Process org.freedesktop.systemd1 exited with status 1
dbus-daemon[3291]: [session uid=1000 pid=3291 pidfd=5] Activating service name='org.freedesktop.systemd1' requested by ':1.92' (uid=1000 pid=4231 comm="podman inspect --type container --format {{ index ")
KMS: DRM_IOCTL_MODE_CREATE_DUMB failed: Permission denied
KMS: DRM_IOCTL_MODE_CREATE_DUMB failed: Permission denied
dbus-daemon[3291]: [session uid=1000 pid=3291 pidfd=5] Activated service 'org.freedesktop.systemd1' failed: Process org.freedesktop.systemd1 exited with status 1
KMS: DRM_IOCTL_MODE_CREATE_DUMB failed: Permission denied
KMS: DRM_IOCTL_MODE_CREATE_DUMB failed: Permission denied
KMS: DRM_IOCTL_MODE_CREATE_DUMB failed: Permission denied
KMS: DRM_IOCTL_MODE_CREATE_DUMB failed: Permission denied
KMS: DRM_IOCTL_MODE_CREATE_DUMB failed: Permission denied
KMS: DRM_IOCTL_MODE_CREATE_DUMB failed: Permission denied
dbus-daemon[3291]: [session uid=1000 pid=3291 pidfd=5] Activating service name='org.freedesktop.systemd1' requested by ':1.94' (uid=1000 pid=4245 comm="podman inspect --type container --format container")
dbus-daemon[3291]: [session uid=1000 pid=3291 pidfd=5] Activated service 'org.freedesktop.systemd1' failed: Process org.freedesktop.systemd1 exited with status 1
dbus-daemon[3291]: [session uid=1000 pid=3291 pidfd=5] Activating service name='org.freedesktop.systemd1' requested by ':1.94' (uid=1000 pid=4245 comm="podman inspect --type container --format container")
dbus-daemon[3291]: [session uid=1000 pid=3291 pidfd=5] Activated service 'org.freedesktop.systemd1' failed: Process org.freedesktop.systemd1 exited with status 1
dbus-daemon[3291]: [session uid=1000 pid=3291 pidfd=5] Activating service name='org.freedesktop.systemd1' requested by ':1.96' (uid=1000 pid=4220 comm="podman exec --interactive --detach-keys= --user=ke")
dbus-daemon[3291]: [session uid=1000 pid=3291 pidfd=5] Activated service 'org.freedesktop.systemd1' failed: Process org.freedesktop.systemd1 exited with status 1
dbus-daemon[3291]: [session uid=1000 pid=3291 pidfd=5] Activating service name='org.freedesktop.systemd1' requested by ':1.96' (uid=1000 pid=4220 comm="podman exec --interactive --detach-keys= --user=ke")
dbus-daemon[3291]: [session uid=1000 pid=3291 pidfd=5] Activated service 'org.freedesktop.systemd1' failed: Process org.freedesktop.systemd1 exited with status 1
dbus-daemon[3291]: [session uid=1000 pid=3291 pidfd=5] Activating service name='org.freedesktop.systemd1' requested by ':1.98' (uid=1000 pid=4220 comm="podman exec --interactive --detach-keys= --user=ke")
dbus-daemon[3291]: [session uid=1000 pid=3291 pidfd=5] Activated service 'org.freedesktop.systemd1' failed: Process org.freedesktop.systemd1 exited with status 1
dbus-daemon[3291]: [session uid=1000 pid=3291 pidfd=5] Activating service name='org.freedesktop.systemd1' requested by ':1.98' (uid=1000 pid=4220 comm="podman exec --interactive --detach-keys= --user=ke")
dbus-daemon[3291]: [session uid=1000 pid=3291 pidfd=5] Activated service 'org.freedesktop.systemd1' failed: Process org.freedesktop.systemd1 exited with status 1
dbus-daemon[3291]: [session uid=1000 pid=3291 pidfd=5] Activating service name='org.freedesktop.systemd1' requested by ':1.100' (uid=1000 pid=4315 comm="/usr/bin/crun --log-format=json --log /home/kexfff")
dbus-daemon[3291]: [session uid=1000 pid=3291 pidfd=5] Activated service 'org.freedesktop.systemd1' failed: Process org.freedesktop.systemd1 exited with status 1
KMS: DRM_IOCTL_MODE_CREATE_DUMB failed: Permission denied
KMS: DRM_IOCTL_MODE_CREATE_DUMB failed: Permission denied
KMS: DRM_IOCTL_MODE_CREATE_DUMB failed: Permission denied
KMS: DRM_IOCTL_MODE_CREATE_DUMB failed: Permission denied
KMS: DRM_IOCTL_MODE_CREATE_DUMB failed: Permission denied
KMS: DRM_IOCTL_MODE_CREATE_DUMB failed: Permission denied
KMS: DRM_IOCTL_MODE_CREATE_DUMB failed: Permission denied
KMS: DRM_IOCTL_MODE_CREATE_DUMB failed: Permission denied
KMS: DRM_IOCTL_MODE_CREATE_DUMB failed: Permission denied
KMS: DRM_IOCTL_MODE_CREATE_DUMB failed: Permission denied
KMS: DRM_IOCTL_MODE_CREATE_DUMB failed: Permission denied
KMS: DRM_IOCTL_MODE_CREATE_DUMB failed: Permission denied
KMS: DRM_IOCTL_MODE_CREATE_DUMB failed: Permission denied
KMS: DRM_IOCTL_MODE_CREATE_DUMB failed: Permission denied
dbus-daemon[3291]: [session uid=1000 pid=3291 pidfd=5] Activating service name='org.freedesktop.systemd1' requested by ':1.101' (uid=1000 pid=4321 comm="/usr/bin/podman --root /home/kexfff/.local/share/c")
dbus-daemon[3291]: [session uid=1000 pid=3291 pidfd=5] Activated service 'org.freedesktop.systemd1' failed: Process org.freedesktop.systemd1 exited with status 1
dbus-daemon[3291]: [session uid=1000 pid=3291 pidfd=5] Activating service name='org.freedesktop.systemd1' requested by ':1.101' (uid=1000 pid=4321 comm="/usr/bin/podman --root /home/kexfff/.local/share/c")
dbus-daemon[3291]: [session uid=1000 pid=3291 pidfd=5] Activated service 'org.freedesktop.systemd1' failed: Process org.freedesktop.systemd1 exited with status 1
KMS: DRM_IOCTL_MODE_CREATE_DUMB failed: Permission denied
KMS: DRM_IOCTL_MODE_CREATE_DUMB failed: Permission denied
KMS: DRM_IOCTL_MODE_CREATE_DUMB failed: Permission denied
KMS: DRM_IOCTL_MODE_CREATE_DUMB failed: Permission denied
KMS: DRM_IOCTL_MODE_CREATE_DUMB failed: Permission denied
KMS: DRM_IOCTL_MODE_CREATE_DUMB failed: Permission denied
KMS: DRM_IOCTL_MODE_CREATE_DUMB failed: Permission denied
KMS: DRM_IOCTL_MODE_CREATE_DUMB failed: Permission denied
KMS: DRM_IOCTL_MODE_CREATE_DUMB failed: Permission denied
KMS: DRM_IOCTL_MODE_CREATE_DUMB failed: Permission denied
KMS: DRM_IOCTL_MODE_CREATE_DUMB failed: Permission denied
KMS: DRM_IOCTL_MODE_CREATE_DUMB failed: Permission denied
KMS: DRM_IOCTL_MODE_CREATE_DUMB failed: Permission denied
KMS: DRM_IOCTL_MODE_CREATE_DUMB failed: Permission denied
KMS: DRM_IOCTL_MODE_CREATE_DUMB failed: Permission denied
KMS: DRM_IOCTL_MODE_CREATE_DUMB failed: Permission denied
KMS: DRM_IOCTL_MODE_CREATE_DUMB failed: Permission denied
KMS: DRM_IOCTL_MODE_CREATE_DUMB failed: Permission denied
KMS: DRM_IOCTL_MODE_CREATE_DUMB failed: Permission denied
KMS: DRM_IOCTL_MODE_CREATE_DUMB failed: Permission denied
KMS: DRM_IOCTL_MODE_CREATE_DUMB failed: Permission denied
KMS: DRM_IOCTL_MODE_CREATE_DUMB failed: Permission denied
KMS: DRM_IOCTL_MODE_CREATE_DUMB failed: Permission denied
KMS: DRM_IOCTL_MODE_CREATE_DUMB failed: Permission denied
KMS: DRM_IOCTL_MODE_CREATE_DUMB failed: Permission denied
KMS: DRM_IOCTL_MODE_CREATE_DUMB failed: Permission denied
KMS: DRM_IOCTL_MODE_CREATE_DUMB failed: Permission denied
KMS: DRM_IOCTL_MODE_CREATE_DUMB failed: Permission denied
KMS: DRM_IOCTL_MODE_CREATE_DUMB failed: Permission denied
KMS: DRM_IOCTL_MODE_CREATE_DUMB failed: Permission denied
KMS: DRM_IOCTL_MODE_CREATE_DUMB failed: Permission denied
KMS: DRM_IOCTL_MODE_CREATE_DUMB failed: Permission denied
KMS: DRM_IOCTL_MODE_CREATE_DUMB failed: Permission denied
KMS: DRM_IOCTL_MODE_CREATE_DUMB failed: Permission denied
dbus-daemon[3291]: [session uid=1000 pid=3291 pidfd=5] Activating service name='org.freedesktop.systemd1' requested by ':1.103' (uid=1000 pid=4335 comm="podman container exists looom-arch")
KMS: DRM_IOCTL_MODE_CREATE_DUMB failed: Permission denied
KMS: DRM_IOCTL_MODE_CREATE_DUMB failed: Permission denied
dbus-daemon[3291]: [session uid=1000 pid=3291 pidfd=5] Activated service 'org.freedesktop.systemd1' failed: Process org.freedesktop.systemd1 exited with status 1
dbus-daemon[3291]: [session uid=1000 pid=3291 pidfd=5] Activating service name='org.freedesktop.systemd1' requested by ':1.103' (uid=1000 pid=4335 comm="podman container exists looom-arch")
dbus-daemon[3291]: [session uid=1000 pid=3291 pidfd=5] Activated service 'org.freedesktop.systemd1' failed: Process org.freedesktop.systemd1 exited with status 1
KMS: DRM_IOCTL_MODE_CREATE_DUMB failed: Permission denied
KMS: DRM_IOCTL_MODE_CREATE_DUMB failed: Permission denied
KMS: DRM_IOCTL_MODE_CREATE_DUMB failed: Permission denied
KMS: DRM_IOCTL_MODE_CREATE_DUMB failed: Permission denied
KMS: DRM_IOCTL_MODE_CREATE_DUMB failed: Permission denied
KMS: DRM_IOCTL_MODE_CREATE_DUMB failed: Permission denied
KMS: DRM_IOCTL_MODE_CREATE_DUMB failed: Permission denied
KMS: DRM_IOCTL_MODE_CREATE_DUMB failed: Permission denied
dbus-daemon[3291]: [session uid=1000 pid=3291 pidfd=5] Activating service name='org.freedesktop.systemd1' requested by ':1.105' (uid=1000 pid=4348 comm="podman inspect --format {{json .Config.Labels}} lo")
dbus-daemon[3291]: [session uid=1000 pid=3291 pidfd=5] Activated service 'org.freedesktop.systemd1' failed: Process org.freedesktop.systemd1 exited with status 1
dbus-daemon[3291]: [session uid=1000 pid=3291 pidfd=5] Activating service name='org.freedesktop.systemd1' requested by ':1.105' (uid=1000 pid=4348 comm="podman inspect --format {{json .Config.Labels}} lo")
KMS: DRM_IOCTL_MODE_CREATE_DUMB failed: Permission denied
KMS: DRM_IOCTL_MODE_CREATE_DUMB failed: Permission denied
dbus-daemon[3291]: [session uid=1000 pid=3291 pidfd=5] Activated service 'org.freedesktop.systemd1' failed: Process org.freedesktop.systemd1 exited with status 1
KMS: DRM_IOCTL_MODE_CREATE_DUMB failed: Permission denied
KMS: DRM_IOCTL_MODE_CREATE_DUMB failed: Permission denied
KMS: DRM_IOCTL_MODE_CREATE_DUMB failed: Permission denied
KMS: DRM_IOCTL_MODE_CREATE_DUMB failed: Permission denied
KMS: DRM_IOCTL_MODE_CREATE_DUMB failed: Permission denied
KMS: DRM_IOCTL_MODE_CREATE_DUMB failed: Permission denied
KMS: DRM_IOCTL_MODE_CREATE_DUMB failed: Permission denied
KMS: DRM_IOCTL_MODE_CREATE_DUMB failed: Permission denied
KMS: DRM_IOCTL_MODE_CREATE_DUMB failed: Permission denied
KMS: DRM_IOCTL_MODE_CREATE_DUMB failed: Permission denied
KMS: DRM_IOCTL_MODE_CREATE_DUMB failed: Permission denied
KMS: DRM_IOCTL_MODE_CREATE_DUMB failed: Permission denied
dbus-daemon[3291]: [session uid=1000 pid=3291 pidfd=5] Activating service name='org.freedesktop.systemd1' requested by ':1.107' (uid=1000 pid=4374 comm="podman inspect --type container --format {{ index ")
dbus-daemon[3291]: [session uid=1000 pid=3291 pidfd=5] Activated service 'org.freedesktop.systemd1' failed: Process org.freedesktop.systemd1 exited with status 1
dbus-daemon[3291]: [session uid=1000 pid=3291 pidfd=5] Activating service name='org.freedesktop.systemd1' requested by ':1.107' (uid=1000 pid=4374 comm="podman inspect --type container --format {{ index ")
dbus-daemon[3291]: [session uid=1000 pid=3291 pidfd=5] Activated service 'org.freedesktop.systemd1' failed: Process org.freedesktop.systemd1 exited with status 1
KMS: DRM_IOCTL_MODE_CREATE_DUMB failed: Permission denied
KMS: DRM_IOCTL_MODE_CREATE_DUMB failed: Permission denied
KMS: DRM_IOCTL_MODE_CREATE_DUMB failed: Permission denied
KMS: DRM_IOCTL_MODE_CREATE_DUMB failed: Permission denied
dbus-daemon[3291]: [session uid=1000 pid=3291 pidfd=5] Activating service name='org.freedesktop.systemd1' requested by ':1.109' (uid=1000 pid=4388 comm="podman inspect --type container --format container")
dbus-daemon[3291]: [session uid=1000 pid=3291 pidfd=5] Activated service 'org.freedesktop.systemd1' failed: Process org.freedesktop.systemd1 exited with status 1
dbus-daemon[3291]: [session uid=1000 pid=3291 pidfd=5] Activating service name='org.freedesktop.systemd1' requested by ':1.109' (uid=1000 pid=4388 comm="podman inspect --type container --format container")
dbus-daemon[3291]: [session uid=1000 pid=3291 pidfd=5] Activated service 'org.freedesktop.systemd1' failed: Process org.freedesktop.systemd1 exited with status 1
dbus-daemon[3291]: [session uid=1000 pid=3291 pidfd=5] Activating service name='org.freedesktop.systemd1' requested by ':1.111' (uid=1000 pid=4363 comm="podman exec --interactive --detach-keys= --user=ke")
dbus-daemon[3291]: [session uid=1000 pid=3291 pidfd=5] Activated service 'org.freedesktop.systemd1' failed: Process org.freedesktop.systemd1 exited with status 1
dbus-daemon[3291]: [session uid=1000 pid=3291 pidfd=5] Activating service name='org.freedesktop.systemd1' requested by ':1.111' (uid=1000 pid=4363 comm="podman exec --interactive --detach-keys= --user=ke")
dbus-daemon[3291]: [session uid=1000 pid=3291 pidfd=5] Activated service 'org.freedesktop.systemd1' failed: Process org.freedesktop.systemd1 exited with status 1
dbus-daemon[3291]: [session uid=1000 pid=3291 pidfd=5] Activating service name='org.freedesktop.systemd1' requested by ':1.113' (uid=1000 pid=4363 comm="podman exec --interactive --detach-keys= --user=ke")
dbus-daemon[3291]: [session uid=1000 pid=3291 pidfd=5] Activated service 'org.freedesktop.systemd1' failed: Process org.freedesktop.systemd1 exited with status 1
dbus-daemon[3291]: [session uid=1000 pid=3291 pidfd=5] Activating service name='org.freedesktop.systemd1' requested by ':1.113' (uid=1000 pid=4363 comm="podman exec --interactive --detach-keys= --user=ke")
dbus-daemon[3291]: [session uid=1000 pid=3291 pidfd=5] Activated service 'org.freedesktop.systemd1' failed: Process org.freedesktop.systemd1 exited with status 1
KMS: DRM_IOCTL_MODE_CREATE_DUMB failed: Permission denied
KMS: DRM_IOCTL_MODE_CREATE_DUMB failed: Permission denied
KMS: DRM_IOCTL_MODE_CREATE_DUMB failed: Permission denied
KMS: DRM_IOCTL_MODE_CREATE_DUMB failed: Permission denied
dbus-daemon[3291]: [session uid=1000 pid=3291 pidfd=5] Activating service name='org.freedesktop.systemd1' requested by ':1.115' (uid=1000 pid=4457 comm="/usr/bin/crun --log-format=json --log /home/kexfff")
dbus-daemon[3291]: [session uid=1000 pid=3291 pidfd=5] Activated service 'org.freedesktop.systemd1' failed: Process org.freedesktop.systemd1 exited with status 1
KMS: DRM_IOCTL_MODE_CREATE_DUMB failed: Permission denied
KMS: DRM_IOCTL_MODE_CREATE_DUMB failed: Permission denied
KMS: DRM_IOCTL_MODE_CREATE_DUMB failed: Permission denied
KMS: DRM_IOCTL_MODE_CREATE_DUMB failed: Permission denied
KMS: DRM_IOCTL_MODE_CREATE_DUMB failed: Permission denied
KMS: DRM_IOCTL_MODE_CREATE_DUMB failed: Permission denied
KMS: DRM_IOCTL_MODE_CREATE_DUMB failed: Permission denied
KMS: DRM_IOCTL_MODE_CREATE_DUMB failed: Permission denied
KMS: DRM_IOCTL_MODE_CREATE_DUMB failed: Permission denied
KMS: DRM_IOCTL_MODE_CREATE_DUMB failed: Permission denied
KMS: DRM_IOCTL_MODE_CREATE_DUMB failed: Permission denied
KMS: DRM_IOCTL_MODE_CREATE_DUMB failed: Permission denied
dbus-daemon[3291]: [session uid=1000 pid=3291 pidfd=5] Activating service name='org.freedesktop.systemd1' requested by ':1.116' (uid=1000 pid=4463 comm="/usr/bin/podman --root /home/kexfff/.local/share/c")
dbus-daemon[3291]: [session uid=1000 pid=3291 pidfd=5] Activated service 'org.freedesktop.systemd1' failed: Process org.freedesktop.systemd1 exited with status 1
dbus-daemon[3291]: [session uid=1000 pid=3291 pidfd=5] Activating service name='org.freedesktop.systemd1' requested by ':1.116' (uid=1000 pid=4463 comm="/usr/bin/podman --root /home/kexfff/.local/share/c")
dbus-daemon[3291]: [session uid=1000 pid=3291 pidfd=5] Activated service 'org.freedesktop.systemd1' failed: Process org.freedesktop.systemd1 exited with status 1
KMS: DRM_IOCTL_MODE_CREATE_DUMB failed: Permission denied
KMS: DRM_IOCTL_MODE_CREATE_DUMB failed: Permission denied
KMS: DRM_IOCTL_MODE_CREATE_DUMB failed: Permission denied
KMS: DRM_IOCTL_MODE_CREATE_DUMB failed: Permission denied
KMS: DRM_IOCTL_MODE_CREATE_DUMB failed: Permission denied
KMS: DRM_IOCTL_MODE_CREATE_DUMB failed: Permission denied
KMS: DRM_IOCTL_MODE_CREATE_DUMB failed: Permission denied
KMS: DRM_IOCTL_MODE_CREATE_DUMB failed: Permission denied
KMS: DRM_IOCTL_MODE_CREATE_DUMB failed: Permission denied
KMS: DRM_IOCTL_MODE_CREATE_DUMB failed: Permission denied
KMS: DRM_IOCTL_MODE_CREATE_DUMB failed: Permission denied
KMS: DRM_IOCTL_MODE_CREATE_DUMB failed: Permission denied
KMS: DRM_IOCTL_MODE_CREATE_DUMB failed: Permission denied
KMS: DRM_IOCTL_MODE_CREATE_DUMB failed: Permission denied
KMS: DRM_IOCTL_MODE_CREATE_DUMB failed: Permission denied
KMS: DRM_IOCTL_MODE_CREATE_DUMB failed: Permission denied
KMS: DRM_IOCTL_MODE_CREATE_DUMB failed: Permission denied
KMS: DRM_IOCTL_MODE_CREATE_DUMB failed: Permission denied
KMS: DRM_IOCTL_MODE_CREATE_DUMB failed: Permission denied
KMS: DRM_IOCTL_MODE_CREATE_DUMB failed: Permission denied
KMS: DRM_IOCTL_MODE_CREATE_DUMB failed: Permission denied
KMS: DRM_IOCTL_MODE_CREATE_DUMB failed: Permission denied
KMS: DRM_IOCTL_MODE_CREATE_DUMB failed: Permission denied
KMS: DRM_IOCTL_MODE_CREATE_DUMB failed: Permission denied
KMS: DRM_IOCTL_MODE_CREATE_DUMB failed: Permission denied
KMS: DRM_IOCTL_MODE_CREATE_DUMB failed: Permission denied
KMS: DRM_IOCTL_MODE_CREATE_DUMB failed: Permission denied
KMS: DRM_IOCTL_MODE_CREATE_DUMB failed: Permission denied
KMS: DRM_IOCTL_MODE_CREATE_DUMB failed: Permission denied
KMS: DRM_IOCTL_MODE_CREATE_DUMB failed: Permission denied
KMS: DRM_IOCTL_MODE_CREATE_DUMB failed: Permission denied
KMS: DRM_IOCTL_MODE_CREATE_DUMB failed: Permission denied
KMS: DRM_IOCTL_MODE_CREATE_DUMB failed: Permission denied
KMS: DRM_IOCTL_MODE_CREATE_DUMB failed: Permission denied
KMS: DRM_IOCTL_MODE_CREATE_DUMB failed: Permission denied
KMS: DRM_IOCTL_MODE_CREATE_DUMB failed: Permission denied
KMS: DRM_IOCTL_MODE_CREATE_DUMB failed: Permission denied
KMS: DRM_IOCTL_MODE_CREATE_DUMB failed: Permission denied
dbus-daemon[3291]: [session uid=1000 pid=3291 pidfd=5] Activating service name='org.freedesktop.systemd1' requested by ':1.118' (uid=1000 pid=4477 comm="podman container exists looom-arch")
dbus-daemon[3291]: [session uid=1000 pid=3291 pidfd=5] Activated service 'org.freedesktop.systemd1' failed: Process org.freedesktop.systemd1 exited with status 1
dbus-daemon[3291]: [session uid=1000 pid=3291 pidfd=5] Activating service name='org.freedesktop.systemd1' requested by ':1.118' (uid=1000 pid=4477 comm="podman container exists looom-arch")
dbus-daemon[3291]: [session uid=1000 pid=3291 pidfd=5] Activated service 'org.freedesktop.systemd1' failed: Process org.freedesktop.systemd1 exited with status 1
KMS: DRM_IOCTL_MODE_CREATE_DUMB failed: Permission denied
KMS: DRM_IOCTL_MODE_CREATE_DUMB failed: Permission denied
KMS: DRM_IOCTL_MODE_CREATE_DUMB failed: Permission denied
KMS: DRM_IOCTL_MODE_CREATE_DUMB failed: Permission denied
KMS: DRM_IOCTL_MODE_CREATE_DUMB failed: Permission denied
KMS: DRM_IOCTL_MODE_CREATE_DUMB failed: Permission denied
dbus-daemon[3291]: [session uid=1000 pid=3291 pidfd=5] Activating service name='org.freedesktop.systemd1' requested by ':1.120' (uid=1000 pid=4490 comm="podman inspect --format {{json .Config.Labels}} lo")
dbus-daemon[3291]: [session uid=1000 pid=3291 pidfd=5] Activated service 'org.freedesktop.systemd1' failed: Process org.freedesktop.systemd1 exited with status 1
dbus-daemon[3291]: [session uid=1000 pid=3291 pidfd=5] Activating service name='org.freedesktop.systemd1' requested by ':1.120' (uid=1000 pid=4490 comm="podman inspect --format {{json .Config.Labels}} lo")
dbus-daemon[3291]: [session uid=1000 pid=3291 pidfd=5] Activated service 'org.freedesktop.systemd1' failed: Process org.freedesktop.systemd1 exited with status 1
KMS: DRM_IOCTL_MODE_CREATE_DUMB failed: Permission denied
KMS: DRM_IOCTL_MODE_CREATE_DUMB failed: Permission denied
KMS: DRM_IOCTL_MODE_CREATE_DUMB failed: Permission denied
KMS: DRM_IOCTL_MODE_CREATE_DUMB failed: Permission denied
KMS: DRM_IOCTL_MODE_CREATE_DUMB failed: Permission denied
KMS: DRM_IOCTL_MODE_CREATE_DUMB failed: Permission denied
KMS: DRM_IOCTL_MODE_CREATE_DUMB failed: Permission denied
KMS: DRM_IOCTL_MODE_CREATE_DUMB failed: Permission denied
KMS: DRM_IOCTL_MODE_CREATE_DUMB failed: Permission denied
KMS: DRM_IOCTL_MODE_CREATE_DUMB failed: Permission denied
KMS: DRM_IOCTL_MODE_CREATE_DUMB failed: Permission denied
KMS: DRM_IOCTL_MODE_CREATE_DUMB failed: Permission denied
KMS: DRM_IOCTL_MODE_CREATE_DUMB failed: Permission denied
KMS: DRM_IOCTL_MODE_CREATE_DUMB failed: Permission denied
dbus-daemon[3291]: [session uid=1000 pid=3291 pidfd=5] Activating service name='org.freedesktop.systemd1' requested by ':1.122' (uid=1000 pid=4516 comm="podman inspect --type container --format {{ index ")
dbus-daemon[3291]: [session uid=1000 pid=3291 pidfd=5] Activated service 'org.freedesktop.systemd1' failed: Process org.freedesktop.systemd1 exited with status 1
KMS: DRM_IOCTL_MODE_CREATE_DUMB failed: Permission denied
KMS: DRM_IOCTL_MODE_CREATE_DUMB failed: Permission denied
dbus-daemon[3291]: [session uid=1000 pid=3291 pidfd=5] Activating service name='org.freedesktop.systemd1' requested by ':1.122' (uid=1000 pid=4516 comm="podman inspect --type container --format {{ index ")
dbus-daemon[3291]: [session uid=1000 pid=3291 pidfd=5] Activated service 'org.freedesktop.systemd1' failed: Process org.freedesktop.systemd1 exited with status 1
dbus-daemon[3291]: [session uid=1000 pid=3291 pidfd=5] Activating service name='org.freedesktop.systemd1' requested by ':1.124' (uid=1000 pid=4530 comm="podman inspect --type container --format container")
dbus-daemon[3291]: [session uid=1000 pid=3291 pidfd=5] Activated service 'org.freedesktop.systemd1' failed: Process org.freedesktop.systemd1 exited with status 1
dbus-daemon[3291]: [session uid=1000 pid=3291 pidfd=5] Activating service name='org.freedesktop.systemd1' requested by ':1.124' (uid=1000 pid=4530 comm="podman inspect --type container --format container")
dbus-daemon[3291]: [session uid=1000 pid=3291 pidfd=5] Activated service 'org.freedesktop.systemd1' failed: Process org.freedesktop.systemd1 exited with status 1
dbus-daemon[3291]: [session uid=1000 pid=3291 pidfd=5] Activating service name='org.freedesktop.systemd1' requested by ':1.126' (uid=1000 pid=4505 comm="podman exec --interactive --detach-keys= --user=ke")
dbus-daemon[3291]: [session uid=1000 pid=3291 pidfd=5] Activated service 'org.freedesktop.systemd1' failed: Process org.freedesktop.systemd1 exited with status 1
dbus-daemon[3291]: [session uid=1000 pid=3291 pidfd=5] Activating service name='org.freedesktop.systemd1' requested by ':1.126' (uid=1000 pid=4505 comm="podman exec --interactive --detach-keys= --user=ke")
dbus-daemon[3291]: [session uid=1000 pid=3291 pidfd=5] Activated service 'org.freedesktop.systemd1' failed: Process org.freedesktop.systemd1 exited with status 1
KMS: DRM_IOCTL_MODE_CREATE_DUMB failed: Permission denied
KMS: DRM_IOCTL_MODE_CREATE_DUMB failed: Permission denied
KMS: DRM_IOCTL_MODE_CREATE_DUMB failed: Permission denied
KMS: DRM_IOCTL_MODE_CREATE_DUMB failed: Permission denied
dbus-daemon[3291]: [session uid=1000 pid=3291 pidfd=5] Activating service name='org.freedesktop.systemd1' requested by ':1.128' (uid=1000 pid=4505 comm="podman exec --interactive --detach-keys= --user=ke")
dbus-daemon[3291]: [session uid=1000 pid=3291 pidfd=5] Activated service 'org.freedesktop.systemd1' failed: Process org.freedesktop.systemd1 exited with status 1
dbus-daemon[3291]: [session uid=1000 pid=3291 pidfd=5] Activating service name='org.freedesktop.systemd1' requested by ':1.128' (uid=1000 pid=4505 comm="podman exec --interactive --detach-keys= --user=ke")
dbus-daemon[3291]: [session uid=1000 pid=3291 pidfd=5] Activated service 'org.freedesktop.systemd1' failed: Process org.freedesktop.systemd1 exited with status 1
KMS: DRM_IOCTL_MODE_CREATE_DUMB failed: Permission denied
KMS: DRM_IOCTL_MODE_CREATE_DUMB failed: Permission denied
KMS: DRM_IOCTL_MODE_CREATE_DUMB failed: Permission denied
KMS: DRM_IOCTL_MODE_CREATE_DUMB failed: Permission denied
dbus-daemon[3291]: [session uid=1000 pid=3291 pidfd=5] Activating service name='org.freedesktop.systemd1' requested by ':1.130' (uid=1000 pid=4600 comm="/usr/bin/crun --log-format=json --log /home/kexfff")
dbus-daemon[3291]: [session uid=1000 pid=3291 pidfd=5] Activated service 'org.freedesktop.systemd1' failed: Process org.freedesktop.systemd1 exited with status 1
KMS: DRM_IOCTL_MODE_CREATE_DUMB failed: Permission denied
KMS: DRM_IOCTL_MODE_CREATE_DUMB failed: Permission denied
KMS: DRM_IOCTL_MODE_CREATE_DUMB failed: Permission denied
KMS: DRM_IOCTL_MODE_CREATE_DUMB failed: Permission denied
KMS: DRM_IOCTL_MODE_CREATE_DUMB failed: Permission denied
KMS: DRM_IOCTL_MODE_CREATE_DUMB failed: Permission denied
KMS: DRM_IOCTL_MODE_CREATE_DUMB failed: Permission denied
KMS: DRM_IOCTL_MODE_CREATE_DUMB failed: Permission denied
KMS: DRM_IOCTL_MODE_CREATE_DUMB failed: Permission denied
KMS: DRM_IOCTL_MODE_CREATE_DUMB failed: Permission denied
KMS: DRM_IOCTL_MODE_CREATE_DUMB failed: Permission denied
KMS: DRM_IOCTL_MODE_CREATE_DUMB failed: Permission denied
KMS: DRM_IOCTL_MODE_CREATE_DUMB failed: Permission denied
KMS: DRM_IOCTL_MODE_CREATE_DUMB failed: Permission denied
dbus-daemon[3291]: [session uid=1000 pid=3291 pidfd=5] Activating service name='org.freedesktop.systemd1' requested by ':1.131' (uid=1000 pid=4606 comm="/usr/bin/podman --root /home/kexfff/.local/share/c")
dbus-daemon[3291]: [session uid=1000 pid=3291 pidfd=5] Activated service 'org.freedesktop.systemd1' failed: Process org.freedesktop.systemd1 exited with status 1
dbus-daemon[3291]: [session uid=1000 pid=3291 pidfd=5] Activating service name='org.freedesktop.systemd1' requested by ':1.131' (uid=1000 pid=4606 comm="/usr/bin/podman --root /home/kexfff/.local/share/c")
KMS: DRM_IOCTL_MODE_CREATE_DUMB failed: Permission denied
KMS: DRM_IOCTL_MODE_CREATE_DUMB failed: Permission denied
dbus-daemon[3291]: [session uid=1000 pid=3291 pidfd=5] Activated service 'org.freedesktop.systemd1' failed: Process org.freedesktop.systemd1 exited with status 1
KMS: DRM_IOCTL_MODE_CREATE_DUMB failed: Permission denied
KMS: DRM_IOCTL_MODE_CREATE_DUMB failed: Permission denied
KMS: DRM_IOCTL_MODE_CREATE_DUMB failed: Permission denied
KMS: DRM_IOCTL_MODE_CREATE_DUMB failed: Permission denied
KMS: DRM_IOCTL_MODE_CREATE_DUMB failed: Permission denied
KMS: DRM_IOCTL_MODE_CREATE_DUMB failed: Permission denied
KMS: DRM_IOCTL_MODE_CREATE_DUMB failed: Permission denied
KMS: DRM_IOCTL_MODE_CREATE_DUMB failed: Permission denied
KMS: DRM_IOCTL_MODE_CREATE_DUMB failed: Permission denied
KMS: DRM_IOCTL_MODE_CREATE_DUMB failed: Permission denied
KMS: DRM_IOCTL_MODE_CREATE_DUMB failed: Permission denied
KMS: DRM_IOCTL_MODE_CREATE_DUMB failed: Permission denied
KMS: DRM_IOCTL_MODE_CREATE_DUMB failed: Permission denied
KMS: DRM_IOCTL_MODE_CREATE_DUMB failed: Permission denied
KMS: DRM_IOCTL_MODE_CREATE_DUMB failed: Permission denied
KMS: DRM_IOCTL_MODE_CREATE_DUMB failed: Permission denied
KMS: DRM_IOCTL_MODE_CREATE_DUMB failed: Permission denied
KMS: DRM_IOCTL_MODE_CREATE_DUMB failed: Permission denied
KMS: DRM_IOCTL_MODE_CREATE_DUMB failed: Permission denied
KMS: DRM_IOCTL_MODE_CREATE_DUMB failed: Permission denied
KMS: DRM_IOCTL_MODE_CREATE_DUMB failed: Permission denied
KMS: DRM_IOCTL_MODE_CREATE_DUMB failed: Permission denied
KMS: DRM_IOCTL_MODE_CREATE_DUMB failed: Permission denied
KMS: DRM_IOCTL_MODE_CREATE_DUMB failed: Permission denied
KMS: DRM_IOCTL_MODE_CREATE_DUMB failed: Permission denied
KMS: DRM_IOCTL_MODE_CREATE_DUMB failed: Permission denied
KMS: DRM_IOCTL_MODE_CREATE_DUMB failed: Permission denied
KMS: DRM_IOCTL_MODE_CREATE_DUMB failed: Permission denied
dbus-daemon[3291]: [session uid=1000 pid=3291 pidfd=5] Activating service name='org.freedesktop.systemd1' requested by ':1.133' (uid=1000 pid=4620 comm="podman container exists looom-arch")
KMS: DRM_IOCTL_MODE_CREATE_DUMB failed: Permission denied
KMS: DRM_IOCTL_MODE_CREATE_DUMB failed: Permission denied
dbus-daemon[3291]: [session uid=1000 pid=3291 pidfd=5] Activated service 'org.freedesktop.systemd1' failed: Process org.freedesktop.systemd1 exited with status 1
dbus-daemon[3291]: [session uid=1000 pid=3291 pidfd=5] Activating service name='org.freedesktop.systemd1' requested by ':1.133' (uid=1000 pid=4620 comm="podman container exists looom-arch")
dbus-daemon[3291]: [session uid=1000 pid=3291 pidfd=5] Activated service 'org.freedesktop.systemd1' failed: Process org.freedesktop.systemd1 exited with status 1
KMS: DRM_IOCTL_MODE_CREATE_DUMB failed: Permission denied
KMS: DRM_IOCTL_MODE_CREATE_DUMB failed: Permission denied
KMS: DRM_IOCTL_MODE_CREATE_DUMB failed: Permission denied
KMS: DRM_IOCTL_MODE_CREATE_DUMB failed: Permission denied
KMS: DRM_IOCTL_MODE_CREATE_DUMB failed: Permission denied
KMS: DRM_IOCTL_MODE_CREATE_DUMB failed: Permission denied
KMS: DRM_IOCTL_MODE_CREATE_DUMB failed: Permission denied
KMS: DRM_IOCTL_MODE_CREATE_DUMB failed: Permission denied
dbus-daemon[3291]: [session uid=1000 pid=3291 pidfd=5] Activating service name='org.freedesktop.systemd1' requested by ':1.135' (uid=1000 pid=4633 comm="podman inspect --format {{json .Config.Labels}} lo")
dbus-daemon[3291]: [session uid=1000 pid=3291 pidfd=5] Activated service 'org.freedesktop.systemd1' failed: Process org.freedesktop.systemd1 exited with status 1
dbus-daemon[3291]: [session uid=1000 pid=3291 pidfd=5] Activating service name='org.freedesktop.systemd1' requested by ':1.135' (uid=1000 pid=4633 comm="podman inspect --format {{json .Config.Labels}} lo")
KMS: DRM_IOCTL_MODE_CREATE_DUMB failed: Permission denied
KMS: DRM_IOCTL_MODE_CREATE_DUMB failed: Permission denied
dbus-daemon[3291]: [session uid=1000 pid=3291 pidfd=5] Activated service 'org.freedesktop.systemd1' failed: Process org.freedesktop.systemd1 exited with status 1
KMS: DRM_IOCTL_MODE_CREATE_DUMB failed: Permission denied
KMS: DRM_IOCTL_MODE_CREATE_DUMB failed: Permission denied
KMS: DRM_IOCTL_MODE_CREATE_DUMB failed: Permission denied
KMS: DRM_IOCTL_MODE_CREATE_DUMB failed: Permission denied
KMS: DRM_IOCTL_MODE_CREATE_DUMB failed: Permission denied
KMS: DRM_IOCTL_MODE_CREATE_DUMB failed: Permission denied
KMS: DRM_IOCTL_MODE_CREATE_DUMB failed: Permission denied
KMS: DRM_IOCTL_MODE_CREATE_DUMB failed: Permission denied
dbus-daemon[3291]: [session uid=1000 pid=3291 pidfd=5] Activating service name='org.freedesktop.systemd1' requested by ':1.137' (uid=1000 pid=4659 comm="podman inspect --type container --format {{ index ")
dbus-daemon[3291]: [session uid=1000 pid=3291 pidfd=5] Activated service 'org.freedesktop.systemd1' failed: Process org.freedesktop.systemd1 exited with status 1
dbus-daemon[3291]: [session uid=1000 pid=3291 pidfd=5] Activating service name='org.freedesktop.systemd1' requested by ':1.137' (uid=1000 pid=4659 comm="podman inspect --type container --format {{ index ")
KMS: DRM_IOCTL_MODE_CREATE_DUMB failed: Permission denied
KMS: DRM_IOCTL_MODE_CREATE_DUMB failed: Permission denied
dbus-daemon[3291]: [session uid=1000 pid=3291 pidfd=5] Activated service 'org.freedesktop.systemd1' failed: Process org.freedesktop.systemd1 exited with status 1
KMS: DRM_IOCTL_MODE_CREATE_DUMB failed: Permission denied
KMS: DRM_IOCTL_MODE_CREATE_DUMB failed: Permission denied
dbus-daemon[3291]: [session uid=1000 pid=3291 pidfd=5] Activating service name='org.freedesktop.systemd1' requested by ':1.139' (uid=1000 pid=4673 comm="podman inspect --type container --format container")
dbus-daemon[3291]: [session uid=1000 pid=3291 pidfd=5] Activated service 'org.freedesktop.systemd1' failed: Process org.freedesktop.systemd1 exited with status 1
dbus-daemon[3291]: [session uid=1000 pid=3291 pidfd=5] Activating service name='org.freedesktop.systemd1' requested by ':1.139' (uid=1000 pid=4673 comm="podman inspect --type container --format container")
dbus-daemon[3291]: [session uid=1000 pid=3291 pidfd=5] Activated service 'org.freedesktop.systemd1' failed: Process org.freedesktop.systemd1 exited with status 1
dbus-daemon[3291]: [session uid=1000 pid=3291 pidfd=5] Activating service name='org.freedesktop.systemd1' requested by ':1.141' (uid=1000 pid=4648 comm="podman exec --interactive --detach-keys= --user=ke")
dbus-daemon[3291]: [session uid=1000 pid=3291 pidfd=5] Activated service 'org.freedesktop.systemd1' failed: Process org.freedesktop.systemd1 exited with status 1
dbus-daemon[3291]: [session uid=1000 pid=3291 pidfd=5] Activating service name='org.freedesktop.systemd1' requested by ':1.141' (uid=1000 pid=4648 comm="podman exec --interactive --detach-keys= --user=ke")
dbus-daemon[3291]: [session uid=1000 pid=3291 pidfd=5] Activated service 'org.freedesktop.systemd1' failed: Process org.freedesktop.systemd1 exited with status 1
dbus-daemon[3291]: [session uid=1000 pid=3291 pidfd=5] Activating service name='org.freedesktop.systemd1' requested by ':1.143' (uid=1000 pid=4648 comm="podman exec --interactive --detach-keys= --user=ke")
dbus-daemon[3291]: [session uid=1000 pid=3291 pidfd=5] Activated service 'org.freedesktop.systemd1' failed: Process org.freedesktop.systemd1 exited with status 1
dbus-daemon[3291]: [session uid=1000 pid=3291 pidfd=5] Activating service name='org.freedesktop.systemd1' requested by ':1.143' (uid=1000 pid=4648 comm="podman exec --interactive --detach-keys= --user=ke")
dbus-daemon[3291]: [session uid=1000 pid=3291 pidfd=5] Activated service 'org.freedesktop.systemd1' failed: Process org.freedesktop.systemd1 exited with status 1
KMS: DRM_IOCTL_MODE_CREATE_DUMB failed: Permission denied
KMS: DRM_IOCTL_MODE_CREATE_DUMB failed: Permission denied
dbus-daemon[3291]: [session uid=1000 pid=3291 pidfd=5] Activating service name='org.freedesktop.systemd1' requested by ':1.145' (uid=1000 pid=4742 comm="/usr/bin/crun --log-format=json --log /home/kexfff")
KMS: DRM_IOCTL_MODE_CREATE_DUMB failed: Permission denied
KMS: DRM_IOCTL_MODE_CREATE_DUMB failed: Permission denied
dbus-daemon[3291]: [session uid=1000 pid=3291 pidfd=5] Activated service 'org.freedesktop.systemd1' failed: Process org.freedesktop.systemd1 exited with status 1
KMS: DRM_IOCTL_MODE_CREATE_DUMB failed: Permission denied
KMS: DRM_IOCTL_MODE_CREATE_DUMB failed: Permission denied
KMS: DRM_IOCTL_MODE_CREATE_DUMB failed: Permission denied
KMS: DRM_IOCTL_MODE_CREATE_DUMB failed: Permission denied
KMS: DRM_IOCTL_MODE_CREATE_DUMB failed: Permission denied
KMS: DRM_IOCTL_MODE_CREATE_DUMB failed: Permission denied
KMS: DRM_IOCTL_MODE_CREATE_DUMB failed: Permission denied
KMS: DRM_IOCTL_MODE_CREATE_DUMB failed: Permission denied
KMS: DRM_IOCTL_MODE_CREATE_DUMB failed: Permission denied
KMS: DRM_IOCTL_MODE_CREATE_DUMB failed: Permission denied
dbus-daemon[3291]: [session uid=1000 pid=3291 pidfd=5] Activating service name='org.freedesktop.systemd1' requested by ':1.146' (uid=1000 pid=4748 comm="/usr/bin/podman --root /home/kexfff/.local/share/c")
dbus-daemon[3291]: [session uid=1000 pid=3291 pidfd=5] Activated service 'org.freedesktop.systemd1' failed: Process org.freedesktop.systemd1 exited with status 1
dbus-daemon[3291]: [session uid=1000 pid=3291 pidfd=5] Activating service name='org.freedesktop.systemd1' requested by ':1.146' (uid=1000 pid=4748 comm="/usr/bin/podman --root /home/kexfff/.local/share/c")
dbus-daemon[3291]: [session uid=1000 pid=3291 pidfd=5] Activated service 'org.freedesktop.systemd1' failed: Process org.freedesktop.systemd1 exited with status 1
KMS: DRM_IOCTL_MODE_CREATE_DUMB failed: Permission denied
KMS: DRM_IOCTL_MODE_CREATE_DUMB failed: Permission denied
KMS: DRM_IOCTL_MODE_CREATE_DUMB failed: Permission denied
KMS: DRM_IOCTL_MODE_CREATE_DUMB failed: Permission denied
KMS: DRM_IOCTL_MODE_CREATE_DUMB failed: Permission denied
KMS: DRM_IOCTL_MODE_CREATE_DUMB failed: Permission denied
KMS: DRM_IOCTL_MODE_CREATE_DUMB failed: Permission denied
KMS: DRM_IOCTL_MODE_CREATE_DUMB failed: Permission denied
KMS: DRM_IOCTL_MODE_CREATE_DUMB failed: Permission denied
KMS: DRM_IOCTL_MODE_CREATE_DUMB failed: Permission denied
KMS: DRM_IOCTL_MODE_CREATE_DUMB failed: Permission denied
KMS: DRM_IOCTL_MODE_CREATE_DUMB failed: Permission denied
KMS: DRM_IOCTL_MODE_CREATE_DUMB failed: Permission denied
KMS: DRM_IOCTL_MODE_CREATE_DUMB failed: Permission denied
KMS: DRM_IOCTL_MODE_CREATE_DUMB failed: Permission denied
KMS: DRM_IOCTL_MODE_CREATE_DUMB failed: Permission denied
KMS: DRM_IOCTL_MODE_CREATE_DUMB failed: Permission denied
KMS: DRM_IOCTL_MODE_CREATE_DUMB failed: Permission denied
KMS: DRM_IOCTL_MODE_CREATE_DUMB failed: Permission denied
KMS: DRM_IOCTL_MODE_CREATE_DUMB failed: Permission denied
KMS: DRM_IOCTL_MODE_CREATE_DUMB failed: Permission denied
KMS: DRM_IOCTL_MODE_CREATE_DUMB failed: Permission denied
KMS: DRM_IOCTL_MODE_CREATE_DUMB failed: Permission denied
KMS: DRM_IOCTL_MODE_CREATE_DUMB failed: Permission denied
KMS: DRM_IOCTL_MODE_CREATE_DUMB failed: Permission denied
KMS: DRM_IOCTL_MODE_CREATE_DUMB failed: Permission denied
KMS: DRM_IOCTL_MODE_CREATE_DUMB failed: Permission denied
KMS: DRM_IOCTL_MODE_CREATE_DUMB failed: Permission denied
KMS: DRM_IOCTL_MODE_CREATE_DUMB failed: Permission denied
KMS: DRM_IOCTL_MODE_CREATE_DUMB failed: Permission denied
KMS: DRM_IOCTL_MODE_CREATE_DUMB failed: Permission denied
KMS: DRM_IOCTL_MODE_CREATE_DUMB failed: Permission denied
KMS: DRM_IOCTL_MODE_CREATE_DUMB failed: Permission denied
KMS: DRM_IOCTL_MODE_CREATE_DUMB failed: Permission denied
dbus-daemon[3291]: [session uid=1000 pid=3291 pidfd=5] Activating service name='org.freedesktop.systemd1' requested by ':1.148' (uid=1000 pid=4763 comm="podman container exists looom-arch")
dbus-daemon[3291]: [session uid=1000 pid=3291 pidfd=5] Activated service 'org.freedesktop.systemd1' failed: Process org.freedesktop.systemd1 exited with status 1
dbus-daemon[3291]: [session uid=1000 pid=3291 pidfd=5] Activating service name='org.freedesktop.systemd1' requested by ':1.148' (uid=1000 pid=4763 comm="podman container exists looom-arch")
dbus-daemon[3291]: [session uid=1000 pid=3291 pidfd=5] Activated service 'org.freedesktop.systemd1' failed: Process org.freedesktop.systemd1 exited with status 1
KMS: DRM_IOCTL_MODE_CREATE_DUMB failed: Permission denied
KMS: DRM_IOCTL_MODE_CREATE_DUMB failed: Permission denied
KMS: DRM_IOCTL_MODE_CREATE_DUMB failed: Permission denied
KMS: DRM_IOCTL_MODE_CREATE_DUMB failed: Permission denied
KMS: DRM_IOCTL_MODE_CREATE_DUMB failed: Permission denied
KMS: DRM_IOCTL_MODE_CREATE_DUMB failed: Permission denied
KMS: DRM_IOCTL_MODE_CREATE_DUMB failed: Permission denied
KMS: DRM_IOCTL_MODE_CREATE_DUMB failed: Permission denied
dbus-daemon[3291]: [session uid=1000 pid=3291 pidfd=5] Activating service name='org.freedesktop.systemd1' requested by ':1.150' (uid=1000 pid=4776 comm="podman inspect --format {{json .Config.Labels}} lo")
KMS: DRM_IOCTL_MODE_CREATE_DUMB failed: Permission denied
KMS: DRM_IOCTL_MODE_CREATE_DUMB failed: Permission denied
dbus-daemon[3291]: [session uid=1000 pid=3291 pidfd=5] Activated service 'org.freedesktop.systemd1' failed: Process org.freedesktop.systemd1 exited with status 1
dbus-daemon[3291]: [session uid=1000 pid=3291 pidfd=5] Activating service name='org.freedesktop.systemd1' requested by ':1.150' (uid=1000 pid=4776 comm="podman inspect --format {{json .Config.Labels}} lo")
dbus-daemon[3291]: [session uid=1000 pid=3291 pidfd=5] Activated service 'org.freedesktop.systemd1' failed: Process org.freedesktop.systemd1 exited with status 1
KMS: DRM_IOCTL_MODE_CREATE_DUMB failed: Permission denied
KMS: DRM_IOCTL_MODE_CREATE_DUMB failed: Permission denied
KMS: DRM_IOCTL_MODE_CREATE_DUMB failed: Permission denied
KMS: DRM_IOCTL_MODE_CREATE_DUMB failed: Permission denied
KMS: DRM_IOCTL_MODE_CREATE_DUMB failed: Permission denied
KMS: DRM_IOCTL_MODE_CREATE_DUMB failed: Permission denied
KMS: DRM_IOCTL_MODE_CREATE_DUMB failed: Permission denied
KMS: DRM_IOCTL_MODE_CREATE_DUMB failed: Permission denied
KMS: DRM_IOCTL_MODE_CREATE_DUMB failed: Permission denied
KMS: DRM_IOCTL_MODE_CREATE_DUMB failed: Permission denied
KMS: DRM_IOCTL_MODE_CREATE_DUMB failed: Permission denied
KMS: DRM_IOCTL_MODE_CREATE_DUMB failed: Permission denied
KMS: DRM_IOCTL_MODE_CREATE_DUMB failed: Permission denied
KMS: DRM_IOCTL_MODE_CREATE_DUMB failed: Permission denied
dbus-daemon[3291]: [session uid=1000 pid=3291 pidfd=5] Activating service name='org.freedesktop.systemd1' requested by ':1.152' (uid=1000 pid=4804 comm="podman inspect --type container --format {{ index ")
dbus-daemon[3291]: [session uid=1000 pid=3291 pidfd=5] Activated service 'org.freedesktop.systemd1' failed: Process org.freedesktop.systemd1 exited with status 1
dbus-daemon[3291]: [session uid=1000 pid=3291 pidfd=5] Activating service name='org.freedesktop.systemd1' requested by ':1.152' (uid=1000 pid=4804 comm="podman inspect --type container --format {{ index ")
dbus-daemon[3291]: [session uid=1000 pid=3291 pidfd=5] Activated service 'org.freedesktop.systemd1' failed: Process org.freedesktop.systemd1 exited with status 1
KMS: DRM_IOCTL_MODE_CREATE_DUMB failed: Permission denied
KMS: DRM_IOCTL_MODE_CREATE_DUMB failed: Permission denied
KMS: DRM_IOCTL_MODE_CREATE_DUMB failed: Permission denied
KMS: DRM_IOCTL_MODE_CREATE_DUMB failed: Permission denied
dbus-daemon[3291]: [session uid=1000 pid=3291 pidfd=5] Activating service name='org.freedesktop.systemd1' requested by ':1.154' (uid=1000 pid=4817 comm="podman inspect --type container --format container")
dbus-daemon[3291]: [session uid=1000 pid=3291 pidfd=5] Activated service 'org.freedesktop.systemd1' failed: Process org.freedesktop.systemd1 exited with status 1
dbus-daemon[3291]: [session uid=1000 pid=3291 pidfd=5] Activating service name='org.freedesktop.systemd1' requested by ':1.154' (uid=1000 pid=4817 comm="podman inspect --type container --format container")
dbus-daemon[3291]: [session uid=1000 pid=3291 pidfd=5] Activated service 'org.freedesktop.systemd1' failed: Process org.freedesktop.systemd1 exited with status 1
dbus-daemon[3291]: [session uid=1000 pid=3291 pidfd=5] Activating service name='org.freedesktop.systemd1' requested by ':1.156' (uid=1000 pid=4793 comm="podman exec --interactive --detach-keys= --user=ke")
dbus-daemon[3291]: [session uid=1000 pid=3291 pidfd=5] Activated service 'org.freedesktop.systemd1' failed: Process org.freedesktop.systemd1 exited with status 1
dbus-daemon[3291]: [session uid=1000 pid=3291 pidfd=5] Activating service name='org.freedesktop.systemd1' requested by ':1.156' (uid=1000 pid=4793 comm="podman exec --interactive --detach-keys= --user=ke")
dbus-daemon[3291]: [session uid=1000 pid=3291 pidfd=5] Activated service 'org.freedesktop.systemd1' failed: Process org.freedesktop.systemd1 exited with status 1
KMS: DRM_IOCTL_MODE_CREATE_DUMB failed: Permission denied
KMS: DRM_IOCTL_MODE_CREATE_DUMB failed: Permission denied
KMS: DRM_IOCTL_MODE_CREATE_DUMB failed: Permission denied
KMS: DRM_IOCTL_MODE_CREATE_DUMB failed: Permission denied
dbus-daemon[3291]: [session uid=1000 pid=3291 pidfd=5] Activating service name='org.freedesktop.systemd1' requested by ':1.158' (uid=1000 pid=4793 comm="podman exec --interactive --detach-keys= --user=ke")
dbus-daemon[3291]: [session uid=1000 pid=3291 pidfd=5] Activated service 'org.freedesktop.systemd1' failed: Process org.freedesktop.systemd1 exited with status 1
dbus-daemon[3291]: [session uid=1000 pid=3291 pidfd=5] Activating service name='org.freedesktop.systemd1' requested by ':1.158' (uid=1000 pid=4793 comm="podman exec --interactive --detach-keys= --user=ke")
dbus-daemon[3291]: [session uid=1000 pid=3291 pidfd=5] Activated service 'org.freedesktop.systemd1' failed: Process org.freedesktop.systemd1 exited with status 1
KMS: DRM_IOCTL_MODE_CREATE_DUMB failed: Permission denied
KMS: DRM_IOCTL_MODE_CREATE_DUMB failed: Permission denied
KMS: DRM_IOCTL_MODE_CREATE_DUMB failed: Permission denied
KMS: DRM_IOCTL_MODE_CREATE_DUMB failed: Permission denied
dbus-daemon[3291]: [session uid=1000 pid=3291 pidfd=5] Activating service name='org.freedesktop.systemd1' requested by ':1.160' (uid=1000 pid=4887 comm="/usr/bin/crun --log-format=json --log /home/kexfff")
dbus-daemon[3291]: [session uid=1000 pid=3291 pidfd=5] Activated service 'org.freedesktop.systemd1' failed: Process org.freedesktop.systemd1 exited with status 1
KMS: DRM_IOCTL_MODE_CREATE_DUMB failed: Permission denied
KMS: DRM_IOCTL_MODE_CREATE_DUMB failed: Permission denied
KMS: DRM_IOCTL_MODE_CREATE_DUMB failed: Permission denied
KMS: DRM_IOCTL_MODE_CREATE_DUMB failed: Permission denied
KMS: DRM_IOCTL_MODE_CREATE_DUMB failed: Permission denied
KMS: DRM_IOCTL_MODE_CREATE_DUMB failed: Permission denied
dbus-daemon[3291]: [session uid=1000 pid=3291 pidfd=5] Activating service name='org.freedesktop.systemd1' requested by ':1.161' (uid=1000 pid=4893 comm="/usr/bin/podman --root /home/kexfff/.local/share/c")
dbus-daemon[3291]: [session uid=1000 pid=3291 pidfd=5] Activated service 'org.freedesktop.systemd1' failed: Process org.freedesktop.systemd1 exited with status 1
dbus-daemon[3291]: [session uid=1000 pid=3291 pidfd=5] Activating service name='org.freedesktop.systemd1' requested by ':1.161' (uid=1000 pid=4893 comm="/usr/bin/podman --root /home/kexfff/.local/share/c")
dbus-daemon[3291]: [session uid=1000 pid=3291 pidfd=5] Activated service 'org.freedesktop.systemd1' failed: Process org.freedesktop.systemd1 exited with status 1
dbus-daemon[3291]: [session uid=1000 pid=3291 pidfd=5] Activating service name='org.freedesktop.systemd1' requested by ':1.163' (uid=1000 pid=4911 comm="podman container exists looom-arch")
dbus-daemon[3291]: [session uid=1000 pid=3291 pidfd=5] Activated service 'org.freedesktop.systemd1' failed: Process org.freedesktop.systemd1 exited with status 1
dbus-daemon[3291]: [session uid=1000 pid=3291 pidfd=5] Activating service name='org.freedesktop.systemd1' requested by ':1.163' (uid=1000 pid=4911 comm="podman container exists looom-arch")
dbus-daemon[3291]: [session uid=1000 pid=3291 pidfd=5] Activated service 'org.freedesktop.systemd1' failed: Process org.freedesktop.systemd1 exited with status 1
dbus-daemon[3291]: [session uid=1000 pid=3291 pidfd=5] Activating service name='org.freedesktop.systemd1' requested by ':1.165' (uid=1000 pid=4955 comm="podman inspect --format {{json .Config.Labels}} lo")
dbus-daemon[3291]: [session uid=1000 pid=3291 pidfd=5] Activated service 'org.freedesktop.systemd1' failed: Process org.freedesktop.systemd1 exited with status 1
dbus-daemon[3291]: [session uid=1000 pid=3291 pidfd=5] Activating service name='org.freedesktop.systemd1' requested by ':1.165' (uid=1000 pid=4955 comm="podman inspect --format {{json .Config.Labels}} lo")
dbus-daemon[3291]: [session uid=1000 pid=3291 pidfd=5] Activated service 'org.freedesktop.systemd1' failed: Process org.freedesktop.systemd1 exited with status 1
dbus-daemon[3291]: [session uid=1000 pid=3291 pidfd=5] Activating service name='org.freedesktop.systemd1' requested by ':1.167' (uid=1000 pid=4981 comm="podman inspect --type container --format {{ index ")
dbus-daemon[3291]: [session uid=1000 pid=3291 pidfd=5] Activated service 'org.freedesktop.systemd1' failed: Process org.freedesktop.systemd1 exited with status 1
dbus-daemon[3291]: [session uid=1000 pid=3291 pidfd=5] Activating service name='org.freedesktop.systemd1' requested by ':1.167' (uid=1000 pid=4981 comm="podman inspect --type container --format {{ index ")
dbus-daemon[3291]: [session uid=1000 pid=3291 pidfd=5] Activated service 'org.freedesktop.systemd1' failed: Process org.freedesktop.systemd1 exited with status 1
dbus-daemon[3291]: [session uid=1000 pid=3291 pidfd=5] Activating service name='org.freedesktop.systemd1' requested by ':1.169' (uid=1000 pid=4995 comm="podman inspect --type container --format container")
dbus-daemon[3291]: [session uid=1000 pid=3291 pidfd=5] Activated service 'org.freedesktop.systemd1' failed: Process org.freedesktop.systemd1 exited with status 1
dbus-daemon[3291]: [session uid=1000 pid=3291 pidfd=5] Activating service name='org.freedesktop.systemd1' requested by ':1.169' (uid=1000 pid=4995 comm="podman inspect --type container --format container")
dbus-daemon[3291]: [session uid=1000 pid=3291 pidfd=5] Activated service 'org.freedesktop.systemd1' failed: Process org.freedesktop.systemd1 exited with status 1
dbus-daemon[3291]: [session uid=1000 pid=3291 pidfd=5] Activating service name='org.freedesktop.systemd1' requested by ':1.171' (uid=1000 pid=4970 comm="podman exec --interactive --detach-keys= --user=ke")
dbus-daemon[3291]: [session uid=1000 pid=3291 pidfd=5] Activated service 'org.freedesktop.systemd1' failed: Process org.freedesktop.systemd1 exited with status 1
dbus-daemon[3291]: [session uid=1000 pid=3291 pidfd=5] Activating service name='org.freedesktop.systemd1' requested by ':1.171' (uid=1000 pid=4970 comm="podman exec --interactive --detach-keys= --user=ke")
dbus-daemon[3291]: [session uid=1000 pid=3291 pidfd=5] Activated service 'org.freedesktop.systemd1' failed: Process org.freedesktop.systemd1 exited with status 1
dbus-daemon[3291]: [session uid=1000 pid=3291 pidfd=5] Activating service name='org.freedesktop.systemd1' requested by ':1.173' (uid=1000 pid=4970 comm="podman exec --interactive --detach-keys= --user=ke")
dbus-daemon[3291]: [session uid=1000 pid=3291 pidfd=5] Activated service 'org.freedesktop.systemd1' failed: Process org.freedesktop.systemd1 exited with status 1
dbus-daemon[3291]: [session uid=1000 pid=3291 pidfd=5] Activating service name='org.freedesktop.systemd1' requested by ':1.173' (uid=1000 pid=4970 comm="podman exec --interactive --detach-keys= --user=ke")
dbus-daemon[3291]: [session uid=1000 pid=3291 pidfd=5] Activated service 'org.freedesktop.systemd1' failed: Process org.freedesktop.systemd1 exited with status 1
dbus-daemon[3291]: [session uid=1000 pid=3291 pidfd=5] Activating service name='org.freedesktop.systemd1' requested by ':1.175' (uid=1000 pid=5065 comm="/usr/bin/crun --log-format=json --log /home/kexfff")
dbus-daemon[3291]: [session uid=1000 pid=3291 pidfd=5] Activated service 'org.freedesktop.systemd1' failed: Process org.freedesktop.systemd1 exited with status 1
dbus-daemon[3291]: [session uid=1000 pid=3291 pidfd=5] Activating service name='org.freedesktop.systemd1' requested by ':1.176' (uid=1000 pid=5071 comm="/usr/bin/podman --root /home/kexfff/.local/share/c")
dbus-daemon[3291]: [session uid=1000 pid=3291 pidfd=5] Activated service 'org.freedesktop.systemd1' failed: Process org.freedesktop.systemd1 exited with status 1
dbus-daemon[3291]: [session uid=1000 pid=3291 pidfd=5] Activating service name='org.freedesktop.systemd1' requested by ':1.176' (uid=1000 pid=5071 comm="/usr/bin/podman --root /home/kexfff/.local/share/c")
dbus-daemon[3291]: [session uid=1000 pid=3291 pidfd=5] Activated service 'org.freedesktop.systemd1' failed: Process org.freedesktop.systemd1 exited with status 1
dbus-daemon[3291]: [session uid=1000 pid=3291 pidfd=5] Activating service name='org.freedesktop.systemd1' requested by ':1.178' (uid=1000 pid=5085 comm="podman container exists looom-arch")
dbus-daemon[3291]: [session uid=1000 pid=3291 pidfd=5] Activated service 'org.freedesktop.systemd1' failed: Process org.freedesktop.systemd1 exited with status 1
dbus-daemon[3291]: [session uid=1000 pid=3291 pidfd=5] Activating service name='org.freedesktop.systemd1' requested by ':1.178' (uid=1000 pid=5085 comm="podman container exists looom-arch")
dbus-daemon[3291]: [session uid=1000 pid=3291 pidfd=5] Activated service 'org.freedesktop.systemd1' failed: Process org.freedesktop.systemd1 exited with status 1
dbus-daemon[3291]: [session uid=1000 pid=3291 pidfd=5] Activating service name='org.freedesktop.systemd1' requested by ':1.180' (uid=1000 pid=5098 comm="podman inspect --format {{json .Config.Labels}} lo")
dbus-daemon[3291]: [session uid=1000 pid=3291 pidfd=5] Activated service 'org.freedesktop.systemd1' failed: Process org.freedesktop.systemd1 exited with status 1
dbus-daemon[3291]: [session uid=1000 pid=3291 pidfd=5] Activating service name='org.freedesktop.systemd1' requested by ':1.180' (uid=1000 pid=5098 comm="podman inspect --format {{json .Config.Labels}} lo")
dbus-daemon[3291]: [session uid=1000 pid=3291 pidfd=5] Activated service 'org.freedesktop.systemd1' failed: Process org.freedesktop.systemd1 exited with status 1
dbus-daemon[3291]: [session uid=1000 pid=3291 pidfd=5] Activating service name='org.freedesktop.systemd1' requested by ':1.182' (uid=1000 pid=5125 comm="podman inspect --type container --format {{ index ")
dbus-daemon[3291]: [session uid=1000 pid=3291 pidfd=5] Activated service 'org.freedesktop.systemd1' failed: Process org.freedesktop.systemd1 exited with status 1
dbus-daemon[3291]: [session uid=1000 pid=3291 pidfd=5] Activating service name='org.freedesktop.systemd1' requested by ':1.182' (uid=1000 pid=5125 comm="podman inspect --type container --format {{ index ")
dbus-daemon[3291]: [session uid=1000 pid=3291 pidfd=5] Activated service 'org.freedesktop.systemd1' failed: Process org.freedesktop.systemd1 exited with status 1
dbus-daemon[3291]: [session uid=1000 pid=3291 pidfd=5] Activating service name='org.freedesktop.systemd1' requested by ':1.184' (uid=1000 pid=5139 comm="podman inspect --type container --format container")
dbus-daemon[3291]: [session uid=1000 pid=3291 pidfd=5] Activated service 'org.freedesktop.systemd1' failed: Process org.freedesktop.systemd1 exited with status 1
dbus-daemon[3291]: [session uid=1000 pid=3291 pidfd=5] Activating service name='org.freedesktop.systemd1' requested by ':1.184' (uid=1000 pid=5139 comm="podman inspect --type container --format container")
dbus-daemon[3291]: [session uid=1000 pid=3291 pidfd=5] Activated service 'org.freedesktop.systemd1' failed: Process org.freedesktop.systemd1 exited with status 1
dbus-daemon[3291]: [session uid=1000 pid=3291 pidfd=5] Activating service name='org.freedesktop.systemd1' requested by ':1.186' (uid=1000 pid=5114 comm="podman exec --interactive --detach-keys= --user=ke")
dbus-daemon[3291]: [session uid=1000 pid=3291 pidfd=5] Activated service 'org.freedesktop.systemd1' failed: Process org.freedesktop.systemd1 exited with status 1
dbus-daemon[3291]: [session uid=1000 pid=3291 pidfd=5] Activating service name='org.freedesktop.systemd1' requested by ':1.186' (uid=1000 pid=5114 comm="podman exec --interactive --detach-keys= --user=ke")
dbus-daemon[3291]: [session uid=1000 pid=3291 pidfd=5] Activated service 'org.freedesktop.systemd1' failed: Process org.freedesktop.systemd1 exited with status 1
dbus-daemon[3291]: [session uid=1000 pid=3291 pidfd=5] Activating service name='org.freedesktop.systemd1' requested by ':1.188' (uid=1000 pid=5114 comm="podman exec --interactive --detach-keys= --user=ke")
dbus-daemon[3291]: [session uid=1000 pid=3291 pidfd=5] Activated service 'org.freedesktop.systemd1' failed: Process org.freedesktop.systemd1 exited with status 1
dbus-daemon[3291]: [session uid=1000 pid=3291 pidfd=5] Activating service name='org.freedesktop.systemd1' requested by ':1.188' (uid=1000 pid=5114 comm="podman exec --interactive --detach-keys= --user=ke")
dbus-daemon[3291]: [session uid=1000 pid=3291 pidfd=5] Activated service 'org.freedesktop.systemd1' failed: Process org.freedesktop.systemd1 exited with status 1
dbus-daemon[3291]: [session uid=1000 pid=3291 pidfd=5] Activating service name='org.freedesktop.systemd1' requested by ':1.190' (uid=1000 pid=5208 comm="/usr/bin/crun --log-format=json --log /home/kexfff")
dbus-daemon[3291]: [session uid=1000 pid=3291 pidfd=5] Activated service 'org.freedesktop.systemd1' failed: Process org.freedesktop.systemd1 exited with status 1
dbus-daemon[3291]: [session uid=1000 pid=3291 pidfd=5] Activating service name='org.freedesktop.systemd1' requested by ':1.191' (uid=1000 pid=5214 comm="/usr/bin/podman --root /home/kexfff/.local/share/c")
dbus-daemon[3291]: [session uid=1000 pid=3291 pidfd=5] Activated service 'org.freedesktop.systemd1' failed: Process org.freedesktop.systemd1 exited with status 1
dbus-daemon[3291]: [session uid=1000 pid=3291 pidfd=5] Activating service name='org.freedesktop.systemd1' requested by ':1.191' (uid=1000 pid=5214 comm="/usr/bin/podman --root /home/kexfff/.local/share/c")
dbus-daemon[3291]: [session uid=1000 pid=3291 pidfd=5] Activated service 'org.freedesktop.systemd1' failed: Process org.freedesktop.systemd1 exited with status 1
dbus-daemon[3291]: [session uid=1000 pid=3291 pidfd=5] Activating service name='org.freedesktop.systemd1' requested by ':1.193' (uid=1000 pid=5228 comm="podman container exists looom-arch")
dbus-daemon[3291]: [session uid=1000 pid=3291 pidfd=5] Activated service 'org.freedesktop.systemd1' failed: Process org.freedesktop.systemd1 exited with status 1
dbus-daemon[3291]: [session uid=1000 pid=3291 pidfd=5] Activating service name='org.freedesktop.systemd1' requested by ':1.193' (uid=1000 pid=5228 comm="podman container exists looom-arch")
dbus-daemon[3291]: [session uid=1000 pid=3291 pidfd=5] Activated service 'org.freedesktop.systemd1' failed: Process org.freedesktop.systemd1 exited with status 1
dbus-daemon[3291]: [session uid=1000 pid=3291 pidfd=5] Activating service name='org.freedesktop.systemd1' requested by ':1.195' (uid=1000 pid=5241 comm="podman inspect --format {{json .Config.Labels}} lo")
dbus-daemon[3291]: [session uid=1000 pid=3291 pidfd=5] Activated service 'org.freedesktop.systemd1' failed: Process org.freedesktop.systemd1 exited with status 1
dbus-daemon[3291]: [session uid=1000 pid=3291 pidfd=5] Activating service name='org.freedesktop.systemd1' requested by ':1.195' (uid=1000 pid=5241 comm="podman inspect --format {{json .Config.Labels}} lo")
dbus-daemon[3291]: [session uid=1000 pid=3291 pidfd=5] Activated service 'org.freedesktop.systemd1' failed: Process org.freedesktop.systemd1 exited with status 1
dbus-daemon[3291]: [session uid=1000 pid=3291 pidfd=5] Activating service name='org.freedesktop.systemd1' requested by ':1.197' (uid=1000 pid=5268 comm="podman inspect --type container --format {{ index ")
dbus-daemon[3291]: [session uid=1000 pid=3291 pidfd=5] Activated service 'org.freedesktop.systemd1' failed: Process org.freedesktop.systemd1 exited with status 1
dbus-daemon[3291]: [session uid=1000 pid=3291 pidfd=5] Activating service name='org.freedesktop.systemd1' requested by ':1.197' (uid=1000 pid=5268 comm="podman inspect --type container --format {{ index ")
dbus-daemon[3291]: [session uid=1000 pid=3291 pidfd=5] Activated service 'org.freedesktop.systemd1' failed: Process org.freedesktop.systemd1 exited with status 1
dbus-daemon[3291]: [session uid=1000 pid=3291 pidfd=5] Activating service name='org.freedesktop.systemd1' requested by ':1.199' (uid=1000 pid=5282 comm="podman inspect --type container --format container")
dbus-daemon[3291]: [session uid=1000 pid=3291 pidfd=5] Activated service 'org.freedesktop.systemd1' failed: Process org.freedesktop.systemd1 exited with status 1
dbus-daemon[3291]: [session uid=1000 pid=3291 pidfd=5] Activating service name='org.freedesktop.systemd1' requested by ':1.199' (uid=1000 pid=5282 comm="podman inspect --type container --format container")
dbus-daemon[3291]: [session uid=1000 pid=3291 pidfd=5] Activated service 'org.freedesktop.systemd1' failed: Process org.freedesktop.systemd1 exited with status 1
dbus-daemon[3291]: [session uid=1000 pid=3291 pidfd=5] Activating service name='org.freedesktop.systemd1' requested by ':1.201' (uid=1000 pid=5257 comm="podman exec --interactive --detach-keys= --user=ke")
dbus-daemon[3291]: [session uid=1000 pid=3291 pidfd=5] Activated service 'org.freedesktop.systemd1' failed: Process org.freedesktop.systemd1 exited with status 1
dbus-daemon[3291]: [session uid=1000 pid=3291 pidfd=5] Activating service name='org.freedesktop.systemd1' requested by ':1.201' (uid=1000 pid=5257 comm="podman exec --interactive --detach-keys= --user=ke")
dbus-daemon[3291]: [session uid=1000 pid=3291 pidfd=5] Activated service 'org.freedesktop.systemd1' failed: Process org.freedesktop.systemd1 exited with status 1
dbus-daemon[3291]: [session uid=1000 pid=3291 pidfd=5] Activating service name='org.freedesktop.systemd1' requested by ':1.203' (uid=1000 pid=5257 comm="podman exec --interactive --detach-keys= --user=ke")
dbus-daemon[3291]: [session uid=1000 pid=3291 pidfd=5] Activated service 'org.freedesktop.systemd1' failed: Process org.freedesktop.systemd1 exited with status 1
dbus-daemon[3291]: [session uid=1000 pid=3291 pidfd=5] Activating service name='org.freedesktop.systemd1' requested by ':1.203' (uid=1000 pid=5257 comm="podman exec --interactive --detach-keys= --user=ke")
dbus-daemon[3291]: [session uid=1000 pid=3291 pidfd=5] Activated service 'org.freedesktop.systemd1' failed: Process org.freedesktop.systemd1 exited with status 1
dbus-daemon[3291]: [session uid=1000 pid=3291 pidfd=5] Activating service name='org.freedesktop.systemd1' requested by ':1.205' (uid=1000 pid=5351 comm="/usr/bin/crun --log-format=json --log /home/kexfff")
dbus-daemon[3291]: [session uid=1000 pid=3291 pidfd=5] Activated service 'org.freedesktop.systemd1' failed: Process org.freedesktop.systemd1 exited with status 1
dbus-daemon[3291]: [session uid=1000 pid=3291 pidfd=5] Activating service name='org.freedesktop.systemd1' requested by ':1.206' (uid=1000 pid=5357 comm="/usr/bin/podman --root /home/kexfff/.local/share/c")
dbus-daemon[3291]: [session uid=1000 pid=3291 pidfd=5] Activated service 'org.freedesktop.systemd1' failed: Process org.freedesktop.systemd1 exited with status 1
dbus-daemon[3291]: [session uid=1000 pid=3291 pidfd=5] Activating service name='org.freedesktop.systemd1' requested by ':1.206' (uid=1000 pid=5357 comm="/usr/bin/podman --root /home/kexfff/.local/share/c")
dbus-daemon[3291]: [session uid=1000 pid=3291 pidfd=5] Activated service 'org.freedesktop.systemd1' failed: Process org.freedesktop.systemd1 exited with status 1
dbus-daemon[3291]: [session uid=1000 pid=3291 pidfd=5] Activating service name='org.freedesktop.systemd1' requested by ':1.208' (uid=1000 pid=5371 comm="podman container exists looom-arch")
dbus-daemon[3291]: [session uid=1000 pid=3291 pidfd=5] Activated service 'org.freedesktop.systemd1' failed: Process org.freedesktop.systemd1 exited with status 1
dbus-daemon[3291]: [session uid=1000 pid=3291 pidfd=5] Activating service name='org.freedesktop.systemd1' requested by ':1.208' (uid=1000 pid=5371 comm="podman container exists looom-arch")
dbus-daemon[3291]: [session uid=1000 pid=3291 pidfd=5] Activated service 'org.freedesktop.systemd1' failed: Process org.freedesktop.systemd1 exited with status 1
dbus-daemon[3291]: [session uid=1000 pid=3291 pidfd=5] Activating service name='org.freedesktop.systemd1' requested by ':1.210' (uid=1000 pid=5385 comm="podman inspect --format {{json .Config.Labels}} lo")
dbus-daemon[3291]: [session uid=1000 pid=3291 pidfd=5] Activated service 'org.freedesktop.systemd1' failed: Process org.freedesktop.systemd1 exited with status 1
dbus-daemon[3291]: [session uid=1000 pid=3291 pidfd=5] Activating service name='org.freedesktop.systemd1' requested by ':1.210' (uid=1000 pid=5385 comm="podman inspect --format {{json .Config.Labels}} lo")
dbus-daemon[3291]: [session uid=1000 pid=3291 pidfd=5] Activated service 'org.freedesktop.systemd1' failed: Process org.freedesktop.systemd1 exited with status 1
dbus-daemon[3291]: [session uid=1000 pid=3291 pidfd=5] Activating service name='org.freedesktop.systemd1' requested by ':1.212' (uid=1000 pid=5412 comm="podman inspect --type container --format {{ index ")
dbus-daemon[3291]: [session uid=1000 pid=3291 pidfd=5] Activated service 'org.freedesktop.systemd1' failed: Process org.freedesktop.systemd1 exited with status 1
dbus-daemon[3291]: [session uid=1000 pid=3291 pidfd=5] Activating service name='org.freedesktop.systemd1' requested by ':1.212' (uid=1000 pid=5412 comm="podman inspect --type container --format {{ index ")
dbus-daemon[3291]: [session uid=1000 pid=3291 pidfd=5] Activated service 'org.freedesktop.systemd1' failed: Process org.freedesktop.systemd1 exited with status 1
dbus-daemon[3291]: [session uid=1000 pid=3291 pidfd=5] Activating service name='org.freedesktop.systemd1' requested by ':1.214' (uid=1000 pid=5426 comm="podman inspect --type container --format container")
dbus-daemon[3291]: [session uid=1000 pid=3291 pidfd=5] Activated service 'org.freedesktop.systemd1' failed: Process org.freedesktop.systemd1 exited with status 1
dbus-daemon[3291]: [session uid=1000 pid=3291 pidfd=5] Activating service name='org.freedesktop.systemd1' requested by ':1.214' (uid=1000 pid=5426 comm="podman inspect --type container --format container")
dbus-daemon[3291]: [session uid=1000 pid=3291 pidfd=5] Activated service 'org.freedesktop.systemd1' failed: Process org.freedesktop.systemd1 exited with status 1
dbus-daemon[3291]: [session uid=1000 pid=3291 pidfd=5] Activating service name='org.freedesktop.systemd1' requested by ':1.216' (uid=1000 pid=5401 comm="podman exec --interactive --detach-keys= --user=ke")
dbus-daemon[3291]: [session uid=1000 pid=3291 pidfd=5] Activated service 'org.freedesktop.systemd1' failed: Process org.freedesktop.systemd1 exited with status 1
dbus-daemon[3291]: [session uid=1000 pid=3291 pidfd=5] Activating service name='org.freedesktop.systemd1' requested by ':1.216' (uid=1000 pid=5401 comm="podman exec --interactive --detach-keys= --user=ke")
dbus-daemon[3291]: [session uid=1000 pid=3291 pidfd=5] Activated service 'org.freedesktop.systemd1' failed: Process org.freedesktop.systemd1 exited with status 1
dbus-daemon[3291]: [session uid=1000 pid=3291 pidfd=5] Activating service name='org.freedesktop.systemd1' requested by ':1.218' (uid=1000 pid=5401 comm="podman exec --interactive --detach-keys= --user=ke")
dbus-daemon[3291]: [session uid=1000 pid=3291 pidfd=5] Activated service 'org.freedesktop.systemd1' failed: Process org.freedesktop.systemd1 exited with status 1
dbus-daemon[3291]: [session uid=1000 pid=3291 pidfd=5] Activating service name='org.freedesktop.systemd1' requested by ':1.218' (uid=1000 pid=5401 comm="podman exec --interactive --detach-keys= --user=ke")
dbus-daemon[3291]: [session uid=1000 pid=3291 pidfd=5] Activated service 'org.freedesktop.systemd1' failed: Process org.freedesktop.systemd1 exited with status 1
dbus-daemon[3291]: [session uid=1000 pid=3291 pidfd=5] Activating service name='org.freedesktop.systemd1' requested by ':1.220' (uid=1000 pid=5495 comm="/usr/bin/crun --log-format=json --log /home/kexfff")
dbus-daemon[3291]: [session uid=1000 pid=3291 pidfd=5] Activated service 'org.freedesktop.systemd1' failed: Process org.freedesktop.systemd1 exited with status 1
dbus-daemon[3291]: [session uid=1000 pid=3291 pidfd=5] Activating service name='org.freedesktop.systemd1' requested by ':1.221' (uid=1000 pid=5501 comm="/usr/bin/podman --root /home/kexfff/.local/share/c")
dbus-daemon[3291]: [session uid=1000 pid=3291 pidfd=5] Activated service 'org.freedesktop.systemd1' failed: Process org.freedesktop.systemd1 exited with status 1
dbus-daemon[3291]: [session uid=1000 pid=3291 pidfd=5] Activating service name='org.freedesktop.systemd1' requested by ':1.221' (uid=1000 pid=5501 comm="/usr/bin/podman --root /home/kexfff/.local/share/c")
dbus-daemon[3291]: [session uid=1000 pid=3291 pidfd=5] Activated service 'org.freedesktop.systemd1' failed: Process org.freedesktop.systemd1 exited with status 1
dbus-daemon[3291]: [session uid=1000 pid=3291 pidfd=5] Activating service name='org.freedesktop.systemd1' requested by ':1.223' (uid=1000 pid=5515 comm="podman container exists looom-arch")
dbus-daemon[3291]: [session uid=1000 pid=3291 pidfd=5] Activated service 'org.freedesktop.systemd1' failed: Process org.freedesktop.systemd1 exited with status 1
dbus-daemon[3291]: [session uid=1000 pid=3291 pidfd=5] Activating service name='org.freedesktop.systemd1' requested by ':1.223' (uid=1000 pid=5515 comm="podman container exists looom-arch")
dbus-daemon[3291]: [session uid=1000 pid=3291 pidfd=5] Activated service 'org.freedesktop.systemd1' failed: Process org.freedesktop.systemd1 exited with status 1
dbus-daemon[3291]: [session uid=1000 pid=3291 pidfd=5] Activating service name='org.freedesktop.systemd1' requested by ':1.225' (uid=1000 pid=5528 comm="podman inspect --format {{json .Config.Labels}} lo")
dbus-daemon[3291]: [session uid=1000 pid=3291 pidfd=5] Activated service 'org.freedesktop.systemd1' failed: Process org.freedesktop.systemd1 exited with status 1
dbus-daemon[3291]: [session uid=1000 pid=3291 pidfd=5] Activating service name='org.freedesktop.systemd1' requested by ':1.225' (uid=1000 pid=5528 comm="podman inspect --format {{json .Config.Labels}} lo")
dbus-daemon[3291]: [session uid=1000 pid=3291 pidfd=5] Activated service 'org.freedesktop.systemd1' failed: Process org.freedesktop.systemd1 exited with status 1
dbus-daemon[3291]: [session uid=1000 pid=3291 pidfd=5] Activating service name='org.freedesktop.systemd1' requested by ':1.227' (uid=1000 pid=5555 comm="podman inspect --type container --format {{ index ")
dbus-daemon[3291]: [session uid=1000 pid=3291 pidfd=5] Activated service 'org.freedesktop.systemd1' failed: Process org.freedesktop.systemd1 exited with status 1
dbus-daemon[3291]: [session uid=1000 pid=3291 pidfd=5] Activating service name='org.freedesktop.systemd1' requested by ':1.227' (uid=1000 pid=5555 comm="podman inspect --type container --format {{ index ")
dbus-daemon[3291]: [session uid=1000 pid=3291 pidfd=5] Activated service 'org.freedesktop.systemd1' failed: Process org.freedesktop.systemd1 exited with status 1
dbus-daemon[3291]: [session uid=1000 pid=3291 pidfd=5] Activating service name='org.freedesktop.systemd1' requested by ':1.229' (uid=1000 pid=5569 comm="podman inspect --type container --format container")
dbus-daemon[3291]: [session uid=1000 pid=3291 pidfd=5] Activated service 'org.freedesktop.systemd1' failed: Process org.freedesktop.systemd1 exited with status 1
dbus-daemon[3291]: [session uid=1000 pid=3291 pidfd=5] Activating service name='org.freedesktop.systemd1' requested by ':1.229' (uid=1000 pid=5569 comm="podman inspect --type container --format container")
dbus-daemon[3291]: [session uid=1000 pid=3291 pidfd=5] Activated service 'org.freedesktop.systemd1' failed: Process org.freedesktop.systemd1 exited with status 1
dbus-daemon[3291]: [session uid=1000 pid=3291 pidfd=5] Activating service name='org.freedesktop.systemd1' requested by ':1.231' (uid=1000 pid=5544 comm="podman exec --interactive --detach-keys= --user=ke")
dbus-daemon[3291]: [session uid=1000 pid=3291 pidfd=5] Activated service 'org.freedesktop.systemd1' failed: Process org.freedesktop.systemd1 exited with status 1
dbus-daemon[3291]: [session uid=1000 pid=3291 pidfd=5] Activating service name='org.freedesktop.systemd1' requested by ':1.231' (uid=1000 pid=5544 comm="podman exec --interactive --detach-keys= --user=ke")
dbus-daemon[3291]: [session uid=1000 pid=3291 pidfd=5] Activated service 'org.freedesktop.systemd1' failed: Process org.freedesktop.systemd1 exited with status 1
dbus-daemon[3291]: [session uid=1000 pid=3291 pidfd=5] Activating service name='org.freedesktop.systemd1' requested by ':1.233' (uid=1000 pid=5544 comm="podman exec --interactive --detach-keys= --user=ke")
dbus-daemon[3291]: [session uid=1000 pid=3291 pidfd=5] Activated service 'org.freedesktop.systemd1' failed: Process org.freedesktop.systemd1 exited with status 1
dbus-daemon[3291]: [session uid=1000 pid=3291 pidfd=5] Activating service name='org.freedesktop.systemd1' requested by ':1.233' (uid=1000 pid=5544 comm="podman exec --interactive --detach-keys= --user=ke")
dbus-daemon[3291]: [session uid=1000 pid=3291 pidfd=5] Activated service 'org.freedesktop.systemd1' failed: Process org.freedesktop.systemd1 exited with status 1
dbus-daemon[3291]: [session uid=1000 pid=3291 pidfd=5] Activating service name='org.freedesktop.systemd1' requested by ':1.235' (uid=1000 pid=5639 comm="/usr/bin/crun --log-format=json --log /home/kexfff")
dbus-daemon[3291]: [session uid=1000 pid=3291 pidfd=5] Activated service 'org.freedesktop.systemd1' failed: Process org.freedesktop.systemd1 exited with status 1
dbus-daemon[3291]: [session uid=1000 pid=3291 pidfd=5] Activating service name='org.freedesktop.systemd1' requested by ':1.236' (uid=1000 pid=5645 comm="/usr/bin/podman --root /home/kexfff/.local/share/c")
dbus-daemon[3291]: [session uid=1000 pid=3291 pidfd=5] Activated service 'org.freedesktop.systemd1' failed: Process org.freedesktop.systemd1 exited with status 1
dbus-daemon[3291]: [session uid=1000 pid=3291 pidfd=5] Activating service name='org.freedesktop.systemd1' requested by ':1.236' (uid=1000 pid=5645 comm="/usr/bin/podman --root /home/kexfff/.local/share/c")
dbus-daemon[3291]: [session uid=1000 pid=3291 pidfd=5] Activated service 'org.freedesktop.systemd1' failed: Process org.freedesktop.systemd1 exited with status 1
dbus-daemon[3291]: [session uid=1000 pid=3291 pidfd=5] Activating service name='org.freedesktop.systemd1' requested by ':1.238' (uid=1000 pid=5659 comm="podman container exists looom-arch")
dbus-daemon[3291]: [session uid=1000 pid=3291 pidfd=5] Activated service 'org.freedesktop.systemd1' failed: Process org.freedesktop.systemd1 exited with status 1
dbus-daemon[3291]: [session uid=1000 pid=3291 pidfd=5] Activating service name='org.freedesktop.systemd1' requested by ':1.238' (uid=1000 pid=5659 comm="podman container exists looom-arch")
dbus-daemon[3291]: [session uid=1000 pid=3291 pidfd=5] Activated service 'org.freedesktop.systemd1' failed: Process org.freedesktop.systemd1 exited with status 1
dbus-daemon[3291]: [session uid=1000 pid=3291 pidfd=5] Activating service name='org.freedesktop.systemd1' requested by ':1.240' (uid=1000 pid=5673 comm="podman inspect --format {{json .Config.Labels}} lo")
dbus-daemon[3291]: [session uid=1000 pid=3291 pidfd=5] Activated service 'org.freedesktop.systemd1' failed: Process org.freedesktop.systemd1 exited with status 1
dbus-daemon[3291]: [session uid=1000 pid=3291 pidfd=5] Activating service name='org.freedesktop.systemd1' requested by ':1.240' (uid=1000 pid=5673 comm="podman inspect --format {{json .Config.Labels}} lo")
dbus-daemon[3291]: [session uid=1000 pid=3291 pidfd=5] Activated service 'org.freedesktop.systemd1' failed: Process org.freedesktop.systemd1 exited with status 1
dbus-daemon[3291]: [session uid=1000 pid=3291 pidfd=5] Activating service name='org.freedesktop.systemd1' requested by ':1.242' (uid=1000 pid=5700 comm="podman inspect --type container --format {{ index ")
dbus-daemon[3291]: [session uid=1000 pid=3291 pidfd=5] Activated service 'org.freedesktop.systemd1' failed: Process org.freedesktop.systemd1 exited with status 1
dbus-daemon[3291]: [session uid=1000 pid=3291 pidfd=5] Activating service name='org.freedesktop.systemd1' requested by ':1.242' (uid=1000 pid=5700 comm="podman inspect --type container --format {{ index ")
dbus-daemon[3291]: [session uid=1000 pid=3291 pidfd=5] Activated service 'org.freedesktop.systemd1' failed: Process org.freedesktop.systemd1 exited with status 1
dbus-daemon[3291]: [session uid=1000 pid=3291 pidfd=5] Activating service name='org.freedesktop.systemd1' requested by ':1.244' (uid=1000 pid=5714 comm="podman inspect --type container --format container")
dbus-daemon[3291]: [session uid=1000 pid=3291 pidfd=5] Activated service 'org.freedesktop.systemd1' failed: Process org.freedesktop.systemd1 exited with status 1
dbus-daemon[3291]: [session uid=1000 pid=3291 pidfd=5] Activating service name='org.freedesktop.systemd1' requested by ':1.244' (uid=1000 pid=5714 comm="podman inspect --type container --format container")
dbus-daemon[3291]: [session uid=1000 pid=3291 pidfd=5] Activated service 'org.freedesktop.systemd1' failed: Process org.freedesktop.systemd1 exited with status 1
dbus-daemon[3291]: [session uid=1000 pid=3291 pidfd=5] Activating service name='org.freedesktop.systemd1' requested by ':1.246' (uid=1000 pid=5689 comm="podman exec --interactive --detach-keys= --user=ke")
dbus-daemon[3291]: [session uid=1000 pid=3291 pidfd=5] Activated service 'org.freedesktop.systemd1' failed: Process org.freedesktop.systemd1 exited with status 1
dbus-daemon[3291]: [session uid=1000 pid=3291 pidfd=5] Activating service name='org.freedesktop.systemd1' requested by ':1.246' (uid=1000 pid=5689 comm="podman exec --interactive --detach-keys= --user=ke")
dbus-daemon[3291]: [session uid=1000 pid=3291 pidfd=5] Activated service 'org.freedesktop.systemd1' failed: Process org.freedesktop.systemd1 exited with status 1
dbus-daemon[3291]: [session uid=1000 pid=3291 pidfd=5] Activating service name='org.freedesktop.systemd1' requested by ':1.248' (uid=1000 pid=5689 comm="podman exec --interactive --detach-keys= --user=ke")
dbus-daemon[3291]: [session uid=1000 pid=3291 pidfd=5] Activated service 'org.freedesktop.systemd1' failed: Process org.freedesktop.systemd1 exited with status 1
dbus-daemon[3291]: [session uid=1000 pid=3291 pidfd=5] Activating service name='org.freedesktop.systemd1' requested by ':1.248' (uid=1000 pid=5689 comm="podman exec --interactive --detach-keys= --user=ke")
dbus-daemon[3291]: [session uid=1000 pid=3291 pidfd=5] Activated service 'org.freedesktop.systemd1' failed: Process org.freedesktop.systemd1 exited with status 1
dbus-daemon[3291]: [session uid=1000 pid=3291 pidfd=5] Activating service name='org.freedesktop.systemd1' requested by ':1.250' (uid=1000 pid=5784 comm="/usr/bin/crun --log-format=json --log /home/kexfff")
dbus-daemon[3291]: [session uid=1000 pid=3291 pidfd=5] Activated service 'org.freedesktop.systemd1' failed: Process org.freedesktop.systemd1 exited with status 1
dbus-daemon[3291]: [session uid=1000 pid=3291 pidfd=5] Activating service name='org.freedesktop.systemd1' requested by ':1.251' (uid=1000 pid=5790 comm="/usr/bin/podman --root /home/kexfff/.local/share/c")
dbus-daemon[3291]: [session uid=1000 pid=3291 pidfd=5] Activated service 'org.freedesktop.systemd1' failed: Process org.freedesktop.systemd1 exited with status 1
dbus-daemon[3291]: [session uid=1000 pid=3291 pidfd=5] Activating service name='org.freedesktop.systemd1' requested by ':1.251' (uid=1000 pid=5790 comm="/usr/bin/podman --root /home/kexfff/.local/share/c")
dbus-daemon[3291]: [session uid=1000 pid=3291 pidfd=5] Activated service 'org.freedesktop.systemd1' failed: Process org.freedesktop.systemd1 exited with status 1
dbus-daemon[3291]: [session uid=1000 pid=3291 pidfd=5] Activating service name='org.freedesktop.systemd1' requested by ':1.253' (uid=1000 pid=5804 comm="podman container exists looom-arch")
dbus-daemon[3291]: [session uid=1000 pid=3291 pidfd=5] Activated service 'org.freedesktop.systemd1' failed: Process org.freedesktop.systemd1 exited with status 1
dbus-daemon[3291]: [session uid=1000 pid=3291 pidfd=5] Activating service name='org.freedesktop.systemd1' requested by ':1.253' (uid=1000 pid=5804 comm="podman container exists looom-arch")
dbus-daemon[3291]: [session uid=1000 pid=3291 pidfd=5] Activated service 'org.freedesktop.systemd1' failed: Process org.freedesktop.systemd1 exited with status 1
dbus-daemon[3291]: [session uid=1000 pid=3291 pidfd=5] Activating service name='org.freedesktop.systemd1' requested by ':1.255' (uid=1000 pid=5817 comm="podman inspect --format {{json .Config.Labels}} lo")
dbus-daemon[3291]: [session uid=1000 pid=3291 pidfd=5] Activated service 'org.freedesktop.systemd1' failed: Process org.freedesktop.systemd1 exited with status 1
dbus-daemon[3291]: [session uid=1000 pid=3291 pidfd=5] Activating service name='org.freedesktop.systemd1' requested by ':1.255' (uid=1000 pid=5817 comm="podman inspect --format {{json .Config.Labels}} lo")
dbus-daemon[3291]: [session uid=1000 pid=3291 pidfd=5] Activated service 'org.freedesktop.systemd1' failed: Process org.freedesktop.systemd1 exited with status 1
dbus-daemon[3291]: [session uid=1000 pid=3291 pidfd=5] Activating service name='org.freedesktop.systemd1' requested by ':1.257' (uid=1000 pid=5844 comm="podman inspect --type container --format {{ index ")
dbus-daemon[3291]: [session uid=1000 pid=3291 pidfd=5] Activated service 'org.freedesktop.systemd1' failed: Process org.freedesktop.systemd1 exited with status 1
dbus-daemon[3291]: [session uid=1000 pid=3291 pidfd=5] Activating service name='org.freedesktop.systemd1' requested by ':1.257' (uid=1000 pid=5844 comm="podman inspect --type container --format {{ index ")
dbus-daemon[3291]: [session uid=1000 pid=3291 pidfd=5] Activated service 'org.freedesktop.systemd1' failed: Process org.freedesktop.systemd1 exited with status 1
dbus-daemon[3291]: [session uid=1000 pid=3291 pidfd=5] Activating service name='org.freedesktop.systemd1' requested by ':1.259' (uid=1000 pid=5858 comm="podman inspect --type container --format container")
dbus-daemon[3291]: [session uid=1000 pid=3291 pidfd=5] Activated service 'org.freedesktop.systemd1' failed: Process org.freedesktop.systemd1 exited with status 1
dbus-daemon[3291]: [session uid=1000 pid=3291 pidfd=5] Activating service name='org.freedesktop.systemd1' requested by ':1.259' (uid=1000 pid=5858 comm="podman inspect --type container --format container")
dbus-daemon[3291]: [session uid=1000 pid=3291 pidfd=5] Activated service 'org.freedesktop.systemd1' failed: Process org.freedesktop.systemd1 exited with status 1
dbus-daemon[3291]: [session uid=1000 pid=3291 pidfd=5] Activating service name='org.freedesktop.systemd1' requested by ':1.261' (uid=1000 pid=5833 comm="podman exec --interactive --detach-keys= --user=ke")
dbus-daemon[3291]: [session uid=1000 pid=3291 pidfd=5] Activated service 'org.freedesktop.systemd1' failed: Process org.freedesktop.systemd1 exited with status 1
dbus-daemon[3291]: [session uid=1000 pid=3291 pidfd=5] Activating service name='org.freedesktop.systemd1' requested by ':1.261' (uid=1000 pid=5833 comm="podman exec --interactive --detach-keys= --user=ke")
dbus-daemon[3291]: [session uid=1000 pid=3291 pidfd=5] Activated service 'org.freedesktop.systemd1' failed: Process org.freedesktop.systemd1 exited with status 1
dbus-daemon[3291]: [session uid=1000 pid=3291 pidfd=5] Activating service name='org.freedesktop.systemd1' requested by ':1.263' (uid=1000 pid=5833 comm="podman exec --interactive --detach-keys= --user=ke")
dbus-daemon[3291]: [session uid=1000 pid=3291 pidfd=5] Activated service 'org.freedesktop.systemd1' failed: Process org.freedesktop.systemd1 exited with status 1
dbus-daemon[3291]: [session uid=1000 pid=3291 pidfd=5] Activating service name='org.freedesktop.systemd1' requested by ':1.263' (uid=1000 pid=5833 comm="podman exec --interactive --detach-keys= --user=ke")
dbus-daemon[3291]: [session uid=1000 pid=3291 pidfd=5] Activated service 'org.freedesktop.systemd1' failed: Process org.freedesktop.systemd1 exited with status 1
dbus-daemon[3291]: [session uid=1000 pid=3291 pidfd=5] Activating service name='org.freedesktop.systemd1' requested by ':1.265' (uid=1000 pid=5927 comm="/usr/bin/crun --log-format=json --log /home/kexfff")
dbus-daemon[3291]: [session uid=1000 pid=3291 pidfd=5] Activated service 'org.freedesktop.systemd1' failed: Process org.freedesktop.systemd1 exited with status 1
dbus-daemon[3291]: [session uid=1000 pid=3291 pidfd=5] Activating service name='org.freedesktop.systemd1' requested by ':1.266' (uid=1000 pid=5933 comm="/usr/bin/podman --root /home/kexfff/.local/share/c")
dbus-daemon[3291]: [session uid=1000 pid=3291 pidfd=5] Activated service 'org.freedesktop.systemd1' failed: Process org.freedesktop.systemd1 exited with status 1
dbus-daemon[3291]: [session uid=1000 pid=3291 pidfd=5] Activating service name='org.freedesktop.systemd1' requested by ':1.266' (uid=1000 pid=5933 comm="/usr/bin/podman --root /home/kexfff/.local/share/c")
dbus-daemon[3291]: [session uid=1000 pid=3291 pidfd=5] Activated service 'org.freedesktop.systemd1' failed: Process org.freedesktop.systemd1 exited with status 1
dbus-daemon[3291]: [session uid=1000 pid=3291 pidfd=5] Activating service name='org.freedesktop.systemd1' requested by ':1.268' (uid=1000 pid=5947 comm="podman container exists looom-arch")
dbus-daemon[3291]: [session uid=1000 pid=3291 pidfd=5] Activated service 'org.freedesktop.systemd1' failed: Process org.freedesktop.systemd1 exited with status 1
dbus-daemon[3291]: [session uid=1000 pid=3291 pidfd=5] Activating service name='org.freedesktop.systemd1' requested by ':1.268' (uid=1000 pid=5947 comm="podman container exists looom-arch")
dbus-daemon[3291]: [session uid=1000 pid=3291 pidfd=5] Activated service 'org.freedesktop.systemd1' failed: Process org.freedesktop.systemd1 exited with status 1
dbus-daemon[3291]: [session uid=1000 pid=3291 pidfd=5] Activating service name='org.freedesktop.systemd1' requested by ':1.270' (uid=1000 pid=5960 comm="podman inspect --format {{json .Config.Labels}} lo")
dbus-daemon[3291]: [session uid=1000 pid=3291 pidfd=5] Activated service 'org.freedesktop.systemd1' failed: Process org.freedesktop.systemd1 exited with status 1
dbus-daemon[3291]: [session uid=1000 pid=3291 pidfd=5] Activating service name='org.freedesktop.systemd1' requested by ':1.270' (uid=1000 pid=5960 comm="podman inspect --format {{json .Config.Labels}} lo")
dbus-daemon[3291]: [session uid=1000 pid=3291 pidfd=5] Activated service 'org.freedesktop.systemd1' failed: Process org.freedesktop.systemd1 exited with status 1
dbus-daemon[3291]: [session uid=1000 pid=3291 pidfd=5] Activating service name='org.freedesktop.systemd1' requested by ':1.272' (uid=1000 pid=5986 comm="podman inspect --type container --format {{ index ")
dbus-daemon[3291]: [session uid=1000 pid=3291 pidfd=5] Activated service 'org.freedesktop.systemd1' failed: Process org.freedesktop.systemd1 exited with status 1
dbus-daemon[3291]: [session uid=1000 pid=3291 pidfd=5] Activating service name='org.freedesktop.systemd1' requested by ':1.272' (uid=1000 pid=5986 comm="podman inspect --type container --format {{ index ")
dbus-daemon[3291]: [session uid=1000 pid=3291 pidfd=5] Activated service 'org.freedesktop.systemd1' failed: Process org.freedesktop.systemd1 exited with status 1
dbus-daemon[3291]: [session uid=1000 pid=3291 pidfd=5] Activating service name='org.freedesktop.systemd1' requested by ':1.274' (uid=1000 pid=5999 comm="podman inspect --type container --format container")
dbus-daemon[3291]: [session uid=1000 pid=3291 pidfd=5] Activated service 'org.freedesktop.systemd1' failed: Process org.freedesktop.systemd1 exited with status 1
dbus-daemon[3291]: [session uid=1000 pid=3291 pidfd=5] Activating service name='org.freedesktop.systemd1' requested by ':1.274' (uid=1000 pid=5999 comm="podman inspect --type container --format container")
dbus-daemon[3291]: [session uid=1000 pid=3291 pidfd=5] Activated service 'org.freedesktop.systemd1' failed: Process org.freedesktop.systemd1 exited with status 1
dbus-daemon[3291]: [session uid=1000 pid=3291 pidfd=5] Activating service name='org.freedesktop.systemd1' requested by ':1.276' (uid=1000 pid=5975 comm="podman exec --interactive --detach-keys= --user=ke")
dbus-daemon[3291]: [session uid=1000 pid=3291 pidfd=5] Activated service 'org.freedesktop.systemd1' failed: Process org.freedesktop.systemd1 exited with status 1
dbus-daemon[3291]: [session uid=1000 pid=3291 pidfd=5] Activating service name='org.freedesktop.systemd1' requested by ':1.276' (uid=1000 pid=5975 comm="podman exec --interactive --detach-keys= --user=ke")
dbus-daemon[3291]: [session uid=1000 pid=3291 pidfd=5] Activated service 'org.freedesktop.systemd1' failed: Process org.freedesktop.systemd1 exited with status 1
dbus-daemon[3291]: [session uid=1000 pid=3291 pidfd=5] Activating service name='org.freedesktop.systemd1' requested by ':1.278' (uid=1000 pid=5975 comm="podman exec --interactive --detach-keys= --user=ke")
dbus-daemon[3291]: [session uid=1000 pid=3291 pidfd=5] Activated service 'org.freedesktop.systemd1' failed: Process org.freedesktop.systemd1 exited with status 1
dbus-daemon[3291]: [session uid=1000 pid=3291 pidfd=5] Activating service name='org.freedesktop.systemd1' requested by ':1.278' (uid=1000 pid=5975 comm="podman exec --interactive --detach-keys= --user=ke")
dbus-daemon[3291]: [session uid=1000 pid=3291 pidfd=5] Activated service 'org.freedesktop.systemd1' failed: Process org.freedesktop.systemd1 exited with status 1
dbus-daemon[3291]: [session uid=1000 pid=3291 pidfd=5] Activating service name='org.freedesktop.systemd1' requested by ':1.280' (uid=1000 pid=6069 comm="/usr/bin/crun --log-format=json --log /home/kexfff")
dbus-daemon[3291]: [session uid=1000 pid=3291 pidfd=5] Activated service 'org.freedesktop.systemd1' failed: Process org.freedesktop.systemd1 exited with status 1
dbus-daemon[3291]: [session uid=1000 pid=3291 pidfd=5] Activating service name='org.freedesktop.systemd1' requested by ':1.281' (uid=1000 pid=6075 comm="/usr/bin/podman --root /home/kexfff/.local/share/c")
dbus-daemon[3291]: [session uid=1000 pid=3291 pidfd=5] Activated service 'org.freedesktop.systemd1' failed: Process org.freedesktop.systemd1 exited with status 1
dbus-daemon[3291]: [session uid=1000 pid=3291 pidfd=5] Activating service name='org.freedesktop.systemd1' requested by ':1.281' (uid=1000 pid=6075 comm="/usr/bin/podman --root /home/kexfff/.local/share/c")
dbus-daemon[3291]: [session uid=1000 pid=3291 pidfd=5] Activated service 'org.freedesktop.systemd1' failed: Process org.freedesktop.systemd1 exited with status 1
dbus-daemon[3291]: [session uid=1000 pid=3291 pidfd=5] Activating service name='org.freedesktop.systemd1' requested by ':1.283' (uid=1000 pid=6089 comm="podman container exists looom-arch")
dbus-daemon[3291]: [session uid=1000 pid=3291 pidfd=5] Activated service 'org.freedesktop.systemd1' failed: Process org.freedesktop.systemd1 exited with status 1
dbus-daemon[3291]: [session uid=1000 pid=3291 pidfd=5] Activating service name='org.freedesktop.systemd1' requested by ':1.283' (uid=1000 pid=6089 comm="podman container exists looom-arch")
dbus-daemon[3291]: [session uid=1000 pid=3291 pidfd=5] Activated service 'org.freedesktop.systemd1' failed: Process org.freedesktop.systemd1 exited with status 1
dbus-daemon[3291]: [session uid=1000 pid=3291 pidfd=5] Activating service name='org.freedesktop.systemd1' requested by ':1.285' (uid=1000 pid=6102 comm="podman inspect --format {{json .Config.Labels}} lo")
dbus-daemon[3291]: [session uid=1000 pid=3291 pidfd=5] Activated service 'org.freedesktop.systemd1' failed: Process org.freedesktop.systemd1 exited with status 1
dbus-daemon[3291]: [session uid=1000 pid=3291 pidfd=5] Activating service name='org.freedesktop.systemd1' requested by ':1.285' (uid=1000 pid=6102 comm="podman inspect --format {{json .Config.Labels}} lo")
dbus-daemon[3291]: [session uid=1000 pid=3291 pidfd=5] Activated service 'org.freedesktop.systemd1' failed: Process org.freedesktop.systemd1 exited with status 1
dbus-daemon[3291]: [session uid=1000 pid=3291 pidfd=5] Activating service name='org.freedesktop.systemd1' requested by ':1.287' (uid=1000 pid=6129 comm="podman inspect --type container --format {{ index ")
dbus-daemon[3291]: [session uid=1000 pid=3291 pidfd=5] Activated service 'org.freedesktop.systemd1' failed: Process org.freedesktop.systemd1 exited with status 1
dbus-daemon[3291]: [session uid=1000 pid=3291 pidfd=5] Activating service name='org.freedesktop.systemd1' requested by ':1.287' (uid=1000 pid=6129 comm="podman inspect --type container --format {{ index ")
dbus-daemon[3291]: [session uid=1000 pid=3291 pidfd=5] Activated service 'org.freedesktop.systemd1' failed: Process org.freedesktop.systemd1 exited with status 1
dbus-daemon[3291]: [session uid=1000 pid=3291 pidfd=5] Activating service name='org.freedesktop.systemd1' requested by ':1.289' (uid=1000 pid=6143 comm="podman inspect --type container --format container")
dbus-daemon[3291]: [session uid=1000 pid=3291 pidfd=5] Activated service 'org.freedesktop.systemd1' failed: Process org.freedesktop.systemd1 exited with status 1
dbus-daemon[3291]: [session uid=1000 pid=3291 pidfd=5] Activating service name='org.freedesktop.systemd1' requested by ':1.289' (uid=1000 pid=6143 comm="podman inspect --type container --format container")
dbus-daemon[3291]: [session uid=1000 pid=3291 pidfd=5] Activated service 'org.freedesktop.systemd1' failed: Process org.freedesktop.systemd1 exited with status 1
dbus-daemon[3291]: [session uid=1000 pid=3291 pidfd=5] Activating service name='org.freedesktop.systemd1' requested by ':1.291' (uid=1000 pid=6118 comm="podman exec --interactive --detach-keys= --user=ke")
dbus-daemon[3291]: [session uid=1000 pid=3291 pidfd=5] Activated service 'org.freedesktop.systemd1' failed: Process org.freedesktop.systemd1 exited with status 1
dbus-daemon[3291]: [session uid=1000 pid=3291 pidfd=5] Activating service name='org.freedesktop.systemd1' requested by ':1.291' (uid=1000 pid=6118 comm="podman exec --interactive --detach-keys= --user=ke")
dbus-daemon[3291]: [session uid=1000 pid=3291 pidfd=5] Activated service 'org.freedesktop.systemd1' failed: Process org.freedesktop.systemd1 exited with status 1
dbus-daemon[3291]: [session uid=1000 pid=3291 pidfd=5] Activating service name='org.freedesktop.systemd1' requested by ':1.293' (uid=1000 pid=6118 comm="podman exec --interactive --detach-keys= --user=ke")
dbus-daemon[3291]: [session uid=1000 pid=3291 pidfd=5] Activated service 'org.freedesktop.systemd1' failed: Process org.freedesktop.systemd1 exited with status 1
dbus-daemon[3291]: [session uid=1000 pid=3291 pidfd=5] Activating service name='org.freedesktop.systemd1' requested by ':1.293' (uid=1000 pid=6118 comm="podman exec --interactive --detach-keys= --user=ke")
dbus-daemon[3291]: [session uid=1000 pid=3291 pidfd=5] Activated service 'org.freedesktop.systemd1' failed: Process org.freedesktop.systemd1 exited with status 1
dbus-daemon[3291]: [session uid=1000 pid=3291 pidfd=5] Activating service name='org.freedesktop.systemd1' requested by ':1.295' (uid=1000 pid=6213 comm="/usr/bin/crun --log-format=json --log /home/kexfff")
dbus-daemon[3291]: [session uid=1000 pid=3291 pidfd=5] Activated service 'org.freedesktop.systemd1' failed: Process org.freedesktop.systemd1 exited with status 1
dbus-daemon[3291]: [session uid=1000 pid=3291 pidfd=5] Activating service name='org.freedesktop.systemd1' requested by ':1.296' (uid=1000 pid=6219 comm="/usr/bin/podman --root /home/kexfff/.local/share/c")
dbus-daemon[3291]: [session uid=1000 pid=3291 pidfd=5] Activated service 'org.freedesktop.systemd1' failed: Process org.freedesktop.systemd1 exited with status 1
dbus-daemon[3291]: [session uid=1000 pid=3291 pidfd=5] Activating service name='org.freedesktop.systemd1' requested by ':1.296' (uid=1000 pid=6219 comm="/usr/bin/podman --root /home/kexfff/.local/share/c")
dbus-daemon[3291]: [session uid=1000 pid=3291 pidfd=5] Activated service 'org.freedesktop.systemd1' failed: Process org.freedesktop.systemd1 exited with status 1
dbus-daemon[3291]: [session uid=1000 pid=3291 pidfd=5] Activating service name='org.freedesktop.systemd1' requested by ':1.298' (uid=1000 pid=6233 comm="podman container exists looom-arch")
dbus-daemon[3291]: [session uid=1000 pid=3291 pidfd=5] Activated service 'org.freedesktop.systemd1' failed: Process org.freedesktop.systemd1 exited with status 1
dbus-daemon[3291]: [session uid=1000 pid=3291 pidfd=5] Activating service name='org.freedesktop.systemd1' requested by ':1.298' (uid=1000 pid=6233 comm="podman container exists looom-arch")
dbus-daemon[3291]: [session uid=1000 pid=3291 pidfd=5] Activated service 'org.freedesktop.systemd1' failed: Process org.freedesktop.systemd1 exited with status 1
dbus-daemon[3291]: [session uid=1000 pid=3291 pidfd=5] Activating service name='org.freedesktop.systemd1' requested by ':1.300' (uid=1000 pid=6246 comm="podman inspect --format {{json .Config.Labels}} lo")
dbus-daemon[3291]: [session uid=1000 pid=3291 pidfd=5] Activated service 'org.freedesktop.systemd1' failed: Process org.freedesktop.systemd1 exited with status 1
dbus-daemon[3291]: [session uid=1000 pid=3291 pidfd=5] Activating service name='org.freedesktop.systemd1' requested by ':1.300' (uid=1000 pid=6246 comm="podman inspect --format {{json .Config.Labels}} lo")
dbus-daemon[3291]: [session uid=1000 pid=3291 pidfd=5] Activated service 'org.freedesktop.systemd1' failed: Process org.freedesktop.systemd1 exited with status 1
dbus-daemon[3291]: [session uid=1000 pid=3291 pidfd=5] Activating service name='org.freedesktop.systemd1' requested by ':1.302' (uid=1000 pid=6272 comm="podman inspect --type container --format {{ index ")
dbus-daemon[3291]: [session uid=1000 pid=3291 pidfd=5] Activated service 'org.freedesktop.systemd1' failed: Process org.freedesktop.systemd1 exited with status 1
dbus-daemon[3291]: [session uid=1000 pid=3291 pidfd=5] Activating service name='org.freedesktop.systemd1' requested by ':1.302' (uid=1000 pid=6272 comm="podman inspect --type container --format {{ index ")
dbus-daemon[3291]: [session uid=1000 pid=3291 pidfd=5] Activated service 'org.freedesktop.systemd1' failed: Process org.freedesktop.systemd1 exited with status 1
dbus-daemon[3291]: [session uid=1000 pid=3291 pidfd=5] Activating service name='org.freedesktop.systemd1' requested by ':1.304' (uid=1000 pid=6285 comm="podman inspect --type container --format container")
dbus-daemon[3291]: [session uid=1000 pid=3291 pidfd=5] Activated service 'org.freedesktop.systemd1' failed: Process org.freedesktop.systemd1 exited with status 1
dbus-daemon[3291]: [session uid=1000 pid=3291 pidfd=5] Activating service name='org.freedesktop.systemd1' requested by ':1.304' (uid=1000 pid=6285 comm="podman inspect --type container --format container")
dbus-daemon[3291]: [session uid=1000 pid=3291 pidfd=5] Activated service 'org.freedesktop.systemd1' failed: Process org.freedesktop.systemd1 exited with status 1
dbus-daemon[3291]: [session uid=1000 pid=3291 pidfd=5] Activating service name='org.freedesktop.systemd1' requested by ':1.306' (uid=1000 pid=6261 comm="podman exec --interactive --detach-keys= --user=ke")
dbus-daemon[3291]: [session uid=1000 pid=3291 pidfd=5] Activated service 'org.freedesktop.systemd1' failed: Process org.freedesktop.systemd1 exited with status 1
dbus-daemon[3291]: [session uid=1000 pid=3291 pidfd=5] Activating service name='org.freedesktop.systemd1' requested by ':1.306' (uid=1000 pid=6261 comm="podman exec --interactive --detach-keys= --user=ke")
dbus-daemon[3291]: [session uid=1000 pid=3291 pidfd=5] Activated service 'org.freedesktop.systemd1' failed: Process org.freedesktop.systemd1 exited with status 1
dbus-daemon[3291]: [session uid=1000 pid=3291 pidfd=5] Activating service name='org.freedesktop.systemd1' requested by ':1.308' (uid=1000 pid=6261 comm="podman exec --interactive --detach-keys= --user=ke")
dbus-daemon[3291]: [session uid=1000 pid=3291 pidfd=5] Activated service 'org.freedesktop.systemd1' failed: Process org.freedesktop.systemd1 exited with status 1
dbus-daemon[3291]: [session uid=1000 pid=3291 pidfd=5] Activating service name='org.freedesktop.systemd1' requested by ':1.308' (uid=1000 pid=6261 comm="podman exec --interactive --detach-keys= --user=ke")
dbus-daemon[3291]: [session uid=1000 pid=3291 pidfd=5] Activated service 'org.freedesktop.systemd1' failed: Process org.freedesktop.systemd1 exited with status 1
dbus-daemon[3291]: [session uid=1000 pid=3291 pidfd=5] Activating service name='org.freedesktop.systemd1' requested by ':1.310' (uid=1000 pid=6355 comm="/usr/bin/crun --log-format=json --log /home/kexfff")
dbus-daemon[3291]: [session uid=1000 pid=3291 pidfd=5] Activated service 'org.freedesktop.systemd1' failed: Process org.freedesktop.systemd1 exited with status 1
dbus-daemon[3291]: [session uid=1000 pid=3291 pidfd=5] Activating service name='org.freedesktop.systemd1' requested by ':1.311' (uid=1000 pid=6361 comm="/usr/bin/podman --root /home/kexfff/.local/share/c")
dbus-daemon[3291]: [session uid=1000 pid=3291 pidfd=5] Activated service 'org.freedesktop.systemd1' failed: Process org.freedesktop.systemd1 exited with status 1
dbus-daemon[3291]: [session uid=1000 pid=3291 pidfd=5] Activating service name='org.freedesktop.systemd1' requested by ':1.311' (uid=1000 pid=6361 comm="/usr/bin/podman --root /home/kexfff/.local/share/c")
dbus-daemon[3291]: [session uid=1000 pid=3291 pidfd=5] Activated service 'org.freedesktop.systemd1' failed: Process org.freedesktop.systemd1 exited with status 1
dbus-daemon[3291]: [session uid=1000 pid=3291 pidfd=5] Activating service name='org.freedesktop.systemd1' requested by ':1.313' (uid=1000 pid=6375 comm="podman container exists looom-arch")
dbus-daemon[3291]: [session uid=1000 pid=3291 pidfd=5] Activated service 'org.freedesktop.systemd1' failed: Process org.freedesktop.systemd1 exited with status 1
dbus-daemon[3291]: [session uid=1000 pid=3291 pidfd=5] Activating service name='org.freedesktop.systemd1' requested by ':1.313' (uid=1000 pid=6375 comm="podman container exists looom-arch")
dbus-daemon[3291]: [session uid=1000 pid=3291 pidfd=5] Activated service 'org.freedesktop.systemd1' failed: Process org.freedesktop.systemd1 exited with status 1
dbus-daemon[3291]: [session uid=1000 pid=3291 pidfd=5] Activating service name='org.freedesktop.systemd1' requested by ':1.315' (uid=1000 pid=6388 comm="podman inspect --format {{json .Config.Labels}} lo")
dbus-daemon[3291]: [session uid=1000 pid=3291 pidfd=5] Activated service 'org.freedesktop.systemd1' failed: Process org.freedesktop.systemd1 exited with status 1
dbus-daemon[3291]: [session uid=1000 pid=3291 pidfd=5] Activating service name='org.freedesktop.systemd1' requested by ':1.315' (uid=1000 pid=6388 comm="podman inspect --format {{json .Config.Labels}} lo")
dbus-daemon[3291]: [session uid=1000 pid=3291 pidfd=5] Activated service 'org.freedesktop.systemd1' failed: Process org.freedesktop.systemd1 exited with status 1
dbus-daemon[3291]: [session uid=1000 pid=3291 pidfd=5] Activating service name='org.freedesktop.systemd1' requested by ':1.317' (uid=1000 pid=6415 comm="podman inspect --type container --format {{ index ")
dbus-daemon[3291]: [session uid=1000 pid=3291 pidfd=5] Activated service 'org.freedesktop.systemd1' failed: Process org.freedesktop.systemd1 exited with status 1
dbus-daemon[3291]: [session uid=1000 pid=3291 pidfd=5] Activating service name='org.freedesktop.systemd1' requested by ':1.317' (uid=1000 pid=6415 comm="podman inspect --type container --format {{ index ")
dbus-daemon[3291]: [session uid=1000 pid=3291 pidfd=5] Activated service 'org.freedesktop.systemd1' failed: Process org.freedesktop.systemd1 exited with status 1
dbus-daemon[3291]: [session uid=1000 pid=3291 pidfd=5] Activating service name='org.freedesktop.systemd1' requested by ':1.319' (uid=1000 pid=6429 comm="podman inspect --type container --format container")
dbus-daemon[3291]: [session uid=1000 pid=3291 pidfd=5] Activated service 'org.freedesktop.systemd1' failed: Process org.freedesktop.systemd1 exited with status 1
dbus-daemon[3291]: [session uid=1000 pid=3291 pidfd=5] Activating service name='org.freedesktop.systemd1' requested by ':1.319' (uid=1000 pid=6429 comm="podman inspect --type container --format container")
dbus-daemon[3291]: [session uid=1000 pid=3291 pidfd=5] Activated service 'org.freedesktop.systemd1' failed: Process org.freedesktop.systemd1 exited with status 1
dbus-daemon[3291]: [session uid=1000 pid=3291 pidfd=5] Activating service name='org.freedesktop.systemd1' requested by ':1.321' (uid=1000 pid=6404 comm="podman exec --interactive --detach-keys= --user=ke")
dbus-daemon[3291]: [session uid=1000 pid=3291 pidfd=5] Activated service 'org.freedesktop.systemd1' failed: Process org.freedesktop.systemd1 exited with status 1
dbus-daemon[3291]: [session uid=1000 pid=3291 pidfd=5] Activating service name='org.freedesktop.systemd1' requested by ':1.321' (uid=1000 pid=6404 comm="podman exec --interactive --detach-keys= --user=ke")
dbus-daemon[3291]: [session uid=1000 pid=3291 pidfd=5] Activated service 'org.freedesktop.systemd1' failed: Process org.freedesktop.systemd1 exited with status 1
dbus-daemon[3291]: [session uid=1000 pid=3291 pidfd=5] Activating service name='org.freedesktop.systemd1' requested by ':1.323' (uid=1000 pid=6404 comm="podman exec --interactive --detach-keys= --user=ke")
dbus-daemon[3291]: [session uid=1000 pid=3291 pidfd=5] Activated service 'org.freedesktop.systemd1' failed: Process org.freedesktop.systemd1 exited with status 1
dbus-daemon[3291]: [session uid=1000 pid=3291 pidfd=5] Activating service name='org.freedesktop.systemd1' requested by ':1.323' (uid=1000 pid=6404 comm="podman exec --interactive --detach-keys= --user=ke")
dbus-daemon[3291]: [session uid=1000 pid=3291 pidfd=5] Activated service 'org.freedesktop.systemd1' failed: Process org.freedesktop.systemd1 exited with status 1
dbus-daemon[3291]: [session uid=1000 pid=3291 pidfd=5] Activating service name='org.freedesktop.systemd1' requested by ':1.325' (uid=1000 pid=6498 comm="/usr/bin/crun --log-format=json --log /home/kexfff")
dbus-daemon[3291]: [session uid=1000 pid=3291 pidfd=5] Activated service 'org.freedesktop.systemd1' failed: Process org.freedesktop.systemd1 exited with status 1
dbus-daemon[3291]: [session uid=1000 pid=3291 pidfd=5] Activating service name='org.freedesktop.systemd1' requested by ':1.326' (uid=1000 pid=6504 comm="/usr/bin/podman --root /home/kexfff/.local/share/c")
dbus-daemon[3291]: [session uid=1000 pid=3291 pidfd=5] Activated service 'org.freedesktop.systemd1' failed: Process org.freedesktop.systemd1 exited with status 1
dbus-daemon[3291]: [session uid=1000 pid=3291 pidfd=5] Activating service name='org.freedesktop.systemd1' requested by ':1.326' (uid=1000 pid=6504 comm="/usr/bin/podman --root /home/kexfff/.local/share/c")
dbus-daemon[3291]: [session uid=1000 pid=3291 pidfd=5] Activated service 'org.freedesktop.systemd1' failed: Process org.freedesktop.systemd1 exited with status 1
dbus-daemon[3291]: [session uid=1000 pid=3291 pidfd=5] Activating service name='org.freedesktop.systemd1' requested by ':1.328' (uid=1000 pid=6518 comm="podman container exists looom-arch")
dbus-daemon[3291]: [session uid=1000 pid=3291 pidfd=5] Activated service 'org.freedesktop.systemd1' failed: Process org.freedesktop.systemd1 exited with status 1
dbus-daemon[3291]: [session uid=1000 pid=3291 pidfd=5] Activating service name='org.freedesktop.systemd1' requested by ':1.328' (uid=1000 pid=6518 comm="podman container exists looom-arch")
dbus-daemon[3291]: [session uid=1000 pid=3291 pidfd=5] Activated service 'org.freedesktop.systemd1' failed: Process org.freedesktop.systemd1 exited with status 1
dbus-daemon[3291]: [session uid=1000 pid=3291 pidfd=5] Activating service name='org.freedesktop.systemd1' requested by ':1.330' (uid=1000 pid=6531 comm="podman inspect --format {{json .Config.Labels}} lo")
dbus-daemon[3291]: [session uid=1000 pid=3291 pidfd=5] Activated service 'org.freedesktop.systemd1' failed: Process org.freedesktop.systemd1 exited with status 1
dbus-daemon[3291]: [session uid=1000 pid=3291 pidfd=5] Activating service name='org.freedesktop.systemd1' requested by ':1.330' (uid=1000 pid=6531 comm="podman inspect --format {{json .Config.Labels}} lo")
dbus-daemon[3291]: [session uid=1000 pid=3291 pidfd=5] Activated service 'org.freedesktop.systemd1' failed: Process org.freedesktop.systemd1 exited with status 1
dbus-daemon[3291]: [session uid=1000 pid=3291 pidfd=5] Activating service name='org.freedesktop.systemd1' requested by ':1.332' (uid=1000 pid=6557 comm="podman inspect --type container --format {{ index ")
dbus-daemon[3291]: [session uid=1000 pid=3291 pidfd=5] Activated service 'org.freedesktop.systemd1' failed: Process org.freedesktop.systemd1 exited with status 1
dbus-daemon[3291]: [session uid=1000 pid=3291 pidfd=5] Activating service name='org.freedesktop.systemd1' requested by ':1.332' (uid=1000 pid=6557 comm="podman inspect --type container --format {{ index ")
dbus-daemon[3291]: [session uid=1000 pid=3291 pidfd=5] Activated service 'org.freedesktop.systemd1' failed: Process org.freedesktop.systemd1 exited with status 1
dbus-daemon[3291]: [session uid=1000 pid=3291 pidfd=5] Activating service name='org.freedesktop.systemd1' requested by ':1.334' (uid=1000 pid=6571 comm="podman inspect --type container --format container")
dbus-daemon[3291]: [session uid=1000 pid=3291 pidfd=5] Activated service 'org.freedesktop.systemd1' failed: Process org.freedesktop.systemd1 exited with status 1
dbus-daemon[3291]: [session uid=1000 pid=3291 pidfd=5] Activating service name='org.freedesktop.systemd1' requested by ':1.334' (uid=1000 pid=6571 comm="podman inspect --type container --format container")
dbus-daemon[3291]: [session uid=1000 pid=3291 pidfd=5] Activated service 'org.freedesktop.systemd1' failed: Process org.freedesktop.systemd1 exited with status 1
dbus-daemon[3291]: [session uid=1000 pid=3291 pidfd=5] Activating service name='org.freedesktop.systemd1' requested by ':1.336' (uid=1000 pid=6546 comm="podman exec --interactive --detach-keys= --user=ke")
dbus-daemon[3291]: [session uid=1000 pid=3291 pidfd=5] Activated service 'org.freedesktop.systemd1' failed: Process org.freedesktop.systemd1 exited with status 1
dbus-daemon[3291]: [session uid=1000 pid=3291 pidfd=5] Activating service name='org.freedesktop.systemd1' requested by ':1.336' (uid=1000 pid=6546 comm="podman exec --interactive --detach-keys= --user=ke")
dbus-daemon[3291]: [session uid=1000 pid=3291 pidfd=5] Activated service 'org.freedesktop.systemd1' failed: Process org.freedesktop.systemd1 exited with status 1
dbus-daemon[3291]: [session uid=1000 pid=3291 pidfd=5] Activating service name='org.freedesktop.systemd1' requested by ':1.338' (uid=1000 pid=6546 comm="podman exec --interactive --detach-keys= --user=ke")
dbus-daemon[3291]: [session uid=1000 pid=3291 pidfd=5] Activated service 'org.freedesktop.systemd1' failed: Process org.freedesktop.systemd1 exited with status 1
dbus-daemon[3291]: [session uid=1000 pid=3291 pidfd=5] Activating service name='org.freedesktop.systemd1' requested by ':1.338' (uid=1000 pid=6546 comm="podman exec --interactive --detach-keys= --user=ke")
dbus-daemon[3291]: [session uid=1000 pid=3291 pidfd=5] Activated service 'org.freedesktop.systemd1' failed: Process org.freedesktop.systemd1 exited with status 1
dbus-daemon[3291]: [session uid=1000 pid=3291 pidfd=5] Activating service name='org.freedesktop.systemd1' requested by ':1.340' (uid=1000 pid=6641 comm="/usr/bin/crun --log-format=json --log /home/kexfff")
dbus-daemon[3291]: [session uid=1000 pid=3291 pidfd=5] Activated service 'org.freedesktop.systemd1' failed: Process org.freedesktop.systemd1 exited with status 1
dbus-daemon[3291]: [session uid=1000 pid=3291 pidfd=5] Activating service name='org.freedesktop.systemd1' requested by ':1.341' (uid=1000 pid=6647 comm="/usr/bin/podman --root /home/kexfff/.local/share/c")
dbus-daemon[3291]: [session uid=1000 pid=3291 pidfd=5] Activated service 'org.freedesktop.systemd1' failed: Process org.freedesktop.systemd1 exited with status 1
dbus-daemon[3291]: [session uid=1000 pid=3291 pidfd=5] Activating service name='org.freedesktop.systemd1' requested by ':1.341' (uid=1000 pid=6647 comm="/usr/bin/podman --root /home/kexfff/.local/share/c")
dbus-daemon[3291]: [session uid=1000 pid=3291 pidfd=5] Activated service 'org.freedesktop.systemd1' failed: Process org.freedesktop.systemd1 exited with status 1
dbus-daemon[3291]: [session uid=1000 pid=3291 pidfd=5] Activating service name='org.freedesktop.systemd1' requested by ':1.343' (uid=1000 pid=6661 comm="podman container exists looom-arch")
dbus-daemon[3291]: [session uid=1000 pid=3291 pidfd=5] Activated service 'org.freedesktop.systemd1' failed: Process org.freedesktop.systemd1 exited with status 1
dbus-daemon[3291]: [session uid=1000 pid=3291 pidfd=5] Activating service name='org.freedesktop.systemd1' requested by ':1.343' (uid=1000 pid=6661 comm="podman container exists looom-arch")
dbus-daemon[3291]: [session uid=1000 pid=3291 pidfd=5] Activated service 'org.freedesktop.systemd1' failed: Process org.freedesktop.systemd1 exited with status 1
dbus-daemon[3291]: [session uid=1000 pid=3291 pidfd=5] Activating service name='org.freedesktop.systemd1' requested by ':1.345' (uid=1000 pid=6674 comm="podman inspect --format {{json .Config.Labels}} lo")
dbus-daemon[3291]: [session uid=1000 pid=3291 pidfd=5] Activated service 'org.freedesktop.systemd1' failed: Process org.freedesktop.systemd1 exited with status 1
dbus-daemon[3291]: [session uid=1000 pid=3291 pidfd=5] Activating service name='org.freedesktop.systemd1' requested by ':1.345' (uid=1000 pid=6674 comm="podman inspect --format {{json .Config.Labels}} lo")
dbus-daemon[3291]: [session uid=1000 pid=3291 pidfd=5] Activated service 'org.freedesktop.systemd1' failed: Process org.freedesktop.systemd1 exited with status 1
dbus-daemon[3291]: [session uid=1000 pid=3291 pidfd=5] Activating service name='org.freedesktop.systemd1' requested by ':1.347' (uid=1000 pid=6700 comm="podman inspect --type container --format {{ index ")
dbus-daemon[3291]: [session uid=1000 pid=3291 pidfd=5] Activated service 'org.freedesktop.systemd1' failed: Process org.freedesktop.systemd1 exited with status 1
dbus-daemon[3291]: [session uid=1000 pid=3291 pidfd=5] Activating service name='org.freedesktop.systemd1' requested by ':1.347' (uid=1000 pid=6700 comm="podman inspect --type container --format {{ index ")
dbus-daemon[3291]: [session uid=1000 pid=3291 pidfd=5] Activated service 'org.freedesktop.systemd1' failed: Process org.freedesktop.systemd1 exited with status 1
dbus-daemon[3291]: [session uid=1000 pid=3291 pidfd=5] Activating service name='org.freedesktop.systemd1' requested by ':1.349' (uid=1000 pid=6715 comm="podman inspect --type container --format container")
dbus-daemon[3291]: [session uid=1000 pid=3291 pidfd=5] Activated service 'org.freedesktop.systemd1' failed: Process org.freedesktop.systemd1 exited with status 1
dbus-daemon[3291]: [session uid=1000 pid=3291 pidfd=5] Activating service name='org.freedesktop.systemd1' requested by ':1.349' (uid=1000 pid=6715 comm="podman inspect --type container --format container")
dbus-daemon[3291]: [session uid=1000 pid=3291 pidfd=5] Activated service 'org.freedesktop.systemd1' failed: Process org.freedesktop.systemd1 exited with status 1
dbus-daemon[3291]: [session uid=1000 pid=3291 pidfd=5] Activating service name='org.freedesktop.systemd1' requested by ':1.351' (uid=1000 pid=6689 comm="podman exec --interactive --detach-keys= --user=ke")
dbus-daemon[3291]: [session uid=1000 pid=3291 pidfd=5] Activated service 'org.freedesktop.systemd1' failed: Process org.freedesktop.systemd1 exited with status 1
dbus-daemon[3291]: [session uid=1000 pid=3291 pidfd=5] Activating service name='org.freedesktop.systemd1' requested by ':1.351' (uid=1000 pid=6689 comm="podman exec --interactive --detach-keys= --user=ke")
dbus-daemon[3291]: [session uid=1000 pid=3291 pidfd=5] Activated service 'org.freedesktop.systemd1' failed: Process org.freedesktop.systemd1 exited with status 1
dbus-daemon[3291]: [session uid=1000 pid=3291 pidfd=5] Activating service name='org.freedesktop.systemd1' requested by ':1.353' (uid=1000 pid=6689 comm="podman exec --interactive --detach-keys= --user=ke")
dbus-daemon[3291]: [session uid=1000 pid=3291 pidfd=5] Activated service 'org.freedesktop.systemd1' failed: Process org.freedesktop.systemd1 exited with status 1
dbus-daemon[3291]: [session uid=1000 pid=3291 pidfd=5] Activating service name='org.freedesktop.systemd1' requested by ':1.353' (uid=1000 pid=6689 comm="podman exec --interactive --detach-keys= --user=ke")
dbus-daemon[3291]: [session uid=1000 pid=3291 pidfd=5] Activated service 'org.freedesktop.systemd1' failed: Process org.freedesktop.systemd1 exited with status 1
dbus-daemon[3291]: [session uid=1000 pid=3291 pidfd=5] Activating service name='org.freedesktop.systemd1' requested by ':1.355' (uid=1000 pid=6784 comm="/usr/bin/crun --log-format=json --log /home/kexfff")
dbus-daemon[3291]: [session uid=1000 pid=3291 pidfd=5] Activated service 'org.freedesktop.systemd1' failed: Process org.freedesktop.systemd1 exited with status 1
dbus-daemon[3291]: [session uid=1000 pid=3291 pidfd=5] Activating service name='org.freedesktop.systemd1' requested by ':1.356' (uid=1000 pid=6790 comm="/usr/bin/podman --root /home/kexfff/.local/share/c")
dbus-daemon[3291]: [session uid=1000 pid=3291 pidfd=5] Activated service 'org.freedesktop.systemd1' failed: Process org.freedesktop.systemd1 exited with status 1
dbus-daemon[3291]: [session uid=1000 pid=3291 pidfd=5] Activating service name='org.freedesktop.systemd1' requested by ':1.356' (uid=1000 pid=6790 comm="/usr/bin/podman --root /home/kexfff/.local/share/c")
dbus-daemon[3291]: [session uid=1000 pid=3291 pidfd=5] Activated service 'org.freedesktop.systemd1' failed: Process org.freedesktop.systemd1 exited with status 1
dbus-daemon[3291]: [session uid=1000 pid=3291 pidfd=5] Activating service name='org.freedesktop.systemd1' requested by ':1.358' (uid=1000 pid=6839 comm="podman container exists looom-arch")
dbus-daemon[3291]: [session uid=1000 pid=3291 pidfd=5] Activated service 'org.freedesktop.systemd1' failed: Process org.freedesktop.systemd1 exited with status 1
dbus-daemon[3291]: [session uid=1000 pid=3291 pidfd=5] Activating service name='org.freedesktop.systemd1' requested by ':1.358' (uid=1000 pid=6839 comm="podman container exists looom-arch")
dbus-daemon[3291]: [session uid=1000 pid=3291 pidfd=5] Activated service 'org.freedesktop.systemd1' failed: Process org.freedesktop.systemd1 exited with status 1
dbus-daemon[3291]: [session uid=1000 pid=3291 pidfd=5] Activating service name='org.freedesktop.systemd1' requested by ':1.360' (uid=1000 pid=6852 comm="podman inspect --format {{json .Config.Labels}} lo")
dbus-daemon[3291]: [session uid=1000 pid=3291 pidfd=5] Activated service 'org.freedesktop.systemd1' failed: Process org.freedesktop.systemd1 exited with status 1
dbus-daemon[3291]: [session uid=1000 pid=3291 pidfd=5] Activating service name='org.freedesktop.systemd1' requested by ':1.360' (uid=1000 pid=6852 comm="podman inspect --format {{json .Config.Labels}} lo")
dbus-daemon[3291]: [session uid=1000 pid=3291 pidfd=5] Activated service 'org.freedesktop.systemd1' failed: Process org.freedesktop.systemd1 exited with status 1
dbus-daemon[3291]: [session uid=1000 pid=3291 pidfd=5] Activating service name='org.freedesktop.systemd1' requested by ':1.362' (uid=1000 pid=6878 comm="podman inspect --type container --format {{ index ")
dbus-daemon[3291]: [session uid=1000 pid=3291 pidfd=5] Activated service 'org.freedesktop.systemd1' failed: Process org.freedesktop.systemd1 exited with status 1
dbus-daemon[3291]: [session uid=1000 pid=3291 pidfd=5] Activating service name='org.freedesktop.systemd1' requested by ':1.362' (uid=1000 pid=6878 comm="podman inspect --type container --format {{ index ")
dbus-daemon[3291]: [session uid=1000 pid=3291 pidfd=5] Activated service 'org.freedesktop.systemd1' failed: Process org.freedesktop.systemd1 exited with status 1
dbus-daemon[3291]: [session uid=1000 pid=3291 pidfd=5] Activating service name='org.freedesktop.systemd1' requested by ':1.364' (uid=1000 pid=6892 comm="podman inspect --type container --format container")
dbus-daemon[3291]: [session uid=1000 pid=3291 pidfd=5] Activated service 'org.freedesktop.systemd1' failed: Process org.freedesktop.systemd1 exited with status 1
dbus-daemon[3291]: [session uid=1000 pid=3291 pidfd=5] Activating service name='org.freedesktop.systemd1' requested by ':1.364' (uid=1000 pid=6892 comm="podman inspect --type container --format container")
dbus-daemon[3291]: [session uid=1000 pid=3291 pidfd=5] Activated service 'org.freedesktop.systemd1' failed: Process org.freedesktop.systemd1 exited with status 1
dbus-daemon[3291]: [session uid=1000 pid=3291 pidfd=5] Activating service name='org.freedesktop.systemd1' requested by ':1.366' (uid=1000 pid=6867 comm="podman exec --interactive --detach-keys= --user=ke")
dbus-daemon[3291]: [session uid=1000 pid=3291 pidfd=5] Activated service 'org.freedesktop.systemd1' failed: Process org.freedesktop.systemd1 exited with status 1
dbus-daemon[3291]: [session uid=1000 pid=3291 pidfd=5] Activating service name='org.freedesktop.systemd1' requested by ':1.366' (uid=1000 pid=6867 comm="podman exec --interactive --detach-keys= --user=ke")
dbus-daemon[3291]: [session uid=1000 pid=3291 pidfd=5] Activated service 'org.freedesktop.systemd1' failed: Process org.freedesktop.systemd1 exited with status 1
dbus-daemon[3291]: [session uid=1000 pid=3291 pidfd=5] Activating service name='org.freedesktop.systemd1' requested by ':1.368' (uid=1000 pid=6867 comm="podman exec --interactive --detach-keys= --user=ke")
dbus-daemon[3291]: [session uid=1000 pid=3291 pidfd=5] Activated service 'org.freedesktop.systemd1' failed: Process org.freedesktop.systemd1 exited with status 1
dbus-daemon[3291]: [session uid=1000 pid=3291 pidfd=5] Activating service name='org.freedesktop.systemd1' requested by ':1.368' (uid=1000 pid=6867 comm="podman exec --interactive --detach-keys= --user=ke")
dbus-daemon[3291]: [session uid=1000 pid=3291 pidfd=5] Activated service 'org.freedesktop.systemd1' failed: Process org.freedesktop.systemd1 exited with status 1
dbus-daemon[3291]: [session uid=1000 pid=3291 pidfd=5] Activating service name='org.freedesktop.systemd1' requested by ':1.370' (uid=1000 pid=6962 comm="/usr/bin/crun --log-format=json --log /home/kexfff")
dbus-daemon[3291]: [session uid=1000 pid=3291 pidfd=5] Activated service 'org.freedesktop.systemd1' failed: Process org.freedesktop.systemd1 exited with status 1
dbus-daemon[3291]: [session uid=1000 pid=3291 pidfd=5] Activating service name='org.freedesktop.systemd1' requested by ':1.371' (uid=1000 pid=6968 comm="/usr/bin/podman --root /home/kexfff/.local/share/c")
dbus-daemon[3291]: [session uid=1000 pid=3291 pidfd=5] Activated service 'org.freedesktop.systemd1' failed: Process org.freedesktop.systemd1 exited with status 1
dbus-daemon[3291]: [session uid=1000 pid=3291 pidfd=5] Activating service name='org.freedesktop.systemd1' requested by ':1.371' (uid=1000 pid=6968 comm="/usr/bin/podman --root /home/kexfff/.local/share/c")
dbus-daemon[3291]: [session uid=1000 pid=3291 pidfd=5] Activated service 'org.freedesktop.systemd1' failed: Process org.freedesktop.systemd1 exited with status 1
dbus-daemon[3291]: [session uid=1000 pid=3291 pidfd=5] Activating service name='org.freedesktop.systemd1' requested by ':1.373' (uid=1000 pid=6982 comm="podman container exists looom-arch")
dbus-daemon[3291]: [session uid=1000 pid=3291 pidfd=5] Activated service 'org.freedesktop.systemd1' failed: Process org.freedesktop.systemd1 exited with status 1
dbus-daemon[3291]: [session uid=1000 pid=3291 pidfd=5] Activating service name='org.freedesktop.systemd1' requested by ':1.373' (uid=1000 pid=6982 comm="podman container exists looom-arch")
dbus-daemon[3291]: [session uid=1000 pid=3291 pidfd=5] Activated service 'org.freedesktop.systemd1' failed: Process org.freedesktop.systemd1 exited with status 1
dbus-daemon[3291]: [session uid=1000 pid=3291 pidfd=5] Activating service name='org.freedesktop.systemd1' requested by ':1.375' (uid=1000 pid=6995 comm="podman inspect --format {{json .Config.Labels}} lo")
dbus-daemon[3291]: [session uid=1000 pid=3291 pidfd=5] Activated service 'org.freedesktop.systemd1' failed: Process org.freedesktop.systemd1 exited with status 1
dbus-daemon[3291]: [session uid=1000 pid=3291 pidfd=5] Activating service name='org.freedesktop.systemd1' requested by ':1.375' (uid=1000 pid=6995 comm="podman inspect --format {{json .Config.Labels}} lo")
dbus-daemon[3291]: [session uid=1000 pid=3291 pidfd=5] Activated service 'org.freedesktop.systemd1' failed: Process org.freedesktop.systemd1 exited with status 1
dbus-daemon[3291]: [session uid=1000 pid=3291 pidfd=5] Activating service name='org.freedesktop.systemd1' requested by ':1.377' (uid=1000 pid=7022 comm="podman inspect --type container --format {{ index ")
dbus-daemon[3291]: [session uid=1000 pid=3291 pidfd=5] Activated service 'org.freedesktop.systemd1' failed: Process org.freedesktop.systemd1 exited with status 1
dbus-daemon[3291]: [session uid=1000 pid=3291 pidfd=5] Activating service name='org.freedesktop.systemd1' requested by ':1.377' (uid=1000 pid=7022 comm="podman inspect --type container --format {{ index ")
dbus-daemon[3291]: [session uid=1000 pid=3291 pidfd=5] Activated service 'org.freedesktop.systemd1' failed: Process org.freedesktop.systemd1 exited with status 1
dbus-daemon[3291]: [session uid=1000 pid=3291 pidfd=5] Activating service name='org.freedesktop.systemd1' requested by ':1.379' (uid=1000 pid=7035 comm="podman inspect --type container --format container")
dbus-daemon[3291]: [session uid=1000 pid=3291 pidfd=5] Activated service 'org.freedesktop.systemd1' failed: Process org.freedesktop.systemd1 exited with status 1
dbus-daemon[3291]: [session uid=1000 pid=3291 pidfd=5] Activating service name='org.freedesktop.systemd1' requested by ':1.379' (uid=1000 pid=7035 comm="podman inspect --type container --format container")
dbus-daemon[3291]: [session uid=1000 pid=3291 pidfd=5] Activated service 'org.freedesktop.systemd1' failed: Process org.freedesktop.systemd1 exited with status 1
dbus-daemon[3291]: [session uid=1000 pid=3291 pidfd=5] Activating service name='org.freedesktop.systemd1' requested by ':1.381' (uid=1000 pid=7011 comm="podman exec --interactive --detach-keys= --user=ke")
dbus-daemon[3291]: [session uid=1000 pid=3291 pidfd=5] Activated service 'org.freedesktop.systemd1' failed: Process org.freedesktop.systemd1 exited with status 1
dbus-daemon[3291]: [session uid=1000 pid=3291 pidfd=5] Activating service name='org.freedesktop.systemd1' requested by ':1.381' (uid=1000 pid=7011 comm="podman exec --interactive --detach-keys= --user=ke")
dbus-daemon[3291]: [session uid=1000 pid=3291 pidfd=5] Activated service 'org.freedesktop.systemd1' failed: Process org.freedesktop.systemd1 exited with status 1
dbus-daemon[3291]: [session uid=1000 pid=3291 pidfd=5] Activating service name='org.freedesktop.systemd1' requested by ':1.383' (uid=1000 pid=7011 comm="podman exec --interactive --detach-keys= --user=ke")
dbus-daemon[3291]: [session uid=1000 pid=3291 pidfd=5] Activated service 'org.freedesktop.systemd1' failed: Process org.freedesktop.systemd1 exited with status 1
dbus-daemon[3291]: [session uid=1000 pid=3291 pidfd=5] Activating service name='org.freedesktop.systemd1' requested by ':1.383' (uid=1000 pid=7011 comm="podman exec --interactive --detach-keys= --user=ke")
dbus-daemon[3291]: [session uid=1000 pid=3291 pidfd=5] Activated service 'org.freedesktop.systemd1' failed: Process org.freedesktop.systemd1 exited with status 1
dbus-daemon[3291]: [session uid=1000 pid=3291 pidfd=5] Activating service name='org.freedesktop.systemd1' requested by ':1.385' (uid=1000 pid=7104 comm="/usr/bin/crun --log-format=json --log /home/kexfff")
dbus-daemon[3291]: [session uid=1000 pid=3291 pidfd=5] Activated service 'org.freedesktop.systemd1' failed: Process org.freedesktop.systemd1 exited with status 1
dbus-daemon[3291]: [session uid=1000 pid=3291 pidfd=5] Activating service name='org.freedesktop.systemd1' requested by ':1.386' (uid=1000 pid=7110 comm="/usr/bin/podman --root /home/kexfff/.local/share/c")
dbus-daemon[3291]: [session uid=1000 pid=3291 pidfd=5] Activated service 'org.freedesktop.systemd1' failed: Process org.freedesktop.systemd1 exited with status 1
dbus-daemon[3291]: [session uid=1000 pid=3291 pidfd=5] Activating service name='org.freedesktop.systemd1' requested by ':1.386' (uid=1000 pid=7110 comm="/usr/bin/podman --root /home/kexfff/.local/share/c")
dbus-daemon[3291]: [session uid=1000 pid=3291 pidfd=5] Activated service 'org.freedesktop.systemd1' failed: Process org.freedesktop.systemd1 exited with status 1
dbus-daemon[3291]: [session uid=1000 pid=3291 pidfd=5] Activating service name='org.freedesktop.systemd1' requested by ':1.388' (uid=1000 pid=7124 comm="podman container exists looom-arch")
dbus-daemon[3291]: [session uid=1000 pid=3291 pidfd=5] Activated service 'org.freedesktop.systemd1' failed: Process org.freedesktop.systemd1 exited with status 1
dbus-daemon[3291]: [session uid=1000 pid=3291 pidfd=5] Activating service name='org.freedesktop.systemd1' requested by ':1.388' (uid=1000 pid=7124 comm="podman container exists looom-arch")
dbus-daemon[3291]: [session uid=1000 pid=3291 pidfd=5] Activated service 'org.freedesktop.systemd1' failed: Process org.freedesktop.systemd1 exited with status 1
dbus-daemon[3291]: [session uid=1000 pid=3291 pidfd=5] Activating service name='org.freedesktop.systemd1' requested by ':1.390' (uid=1000 pid=7137 comm="podman inspect --format {{json .Config.Labels}} lo")
dbus-daemon[3291]: [session uid=1000 pid=3291 pidfd=5] Activated service 'org.freedesktop.systemd1' failed: Process org.freedesktop.systemd1 exited with status 1
dbus-daemon[3291]: [session uid=1000 pid=3291 pidfd=5] Activating service name='org.freedesktop.systemd1' requested by ':1.390' (uid=1000 pid=7137 comm="podman inspect --format {{json .Config.Labels}} lo")
dbus-daemon[3291]: [session uid=1000 pid=3291 pidfd=5] Activated service 'org.freedesktop.systemd1' failed: Process org.freedesktop.systemd1 exited with status 1
dbus-daemon[3291]: [session uid=1000 pid=3291 pidfd=5] Activating service name='org.freedesktop.systemd1' requested by ':1.392' (uid=1000 pid=7164 comm="podman inspect --type container --format {{ index ")
dbus-daemon[3291]: [session uid=1000 pid=3291 pidfd=5] Activated service 'org.freedesktop.systemd1' failed: Process org.freedesktop.systemd1 exited with status 1
dbus-daemon[3291]: [session uid=1000 pid=3291 pidfd=5] Activating service name='org.freedesktop.systemd1' requested by ':1.392' (uid=1000 pid=7164 comm="podman inspect --type container --format {{ index ")
dbus-daemon[3291]: [session uid=1000 pid=3291 pidfd=5] Activated service 'org.freedesktop.systemd1' failed: Process org.freedesktop.systemd1 exited with status 1
dbus-daemon[3291]: [session uid=1000 pid=3291 pidfd=5] Activating service name='org.freedesktop.systemd1' requested by ':1.394' (uid=1000 pid=7178 comm="podman inspect --type container --format container")
dbus-daemon[3291]: [session uid=1000 pid=3291 pidfd=5] Activated service 'org.freedesktop.systemd1' failed: Process org.freedesktop.systemd1 exited with status 1
dbus-daemon[3291]: [session uid=1000 pid=3291 pidfd=5] Activating service name='org.freedesktop.systemd1' requested by ':1.394' (uid=1000 pid=7178 comm="podman inspect --type container --format container")
dbus-daemon[3291]: [session uid=1000 pid=3291 pidfd=5] Activated service 'org.freedesktop.systemd1' failed: Process org.freedesktop.systemd1 exited with status 1
dbus-daemon[3291]: [session uid=1000 pid=3291 pidfd=5] Activating service name='org.freedesktop.systemd1' requested by ':1.396' (uid=1000 pid=7153 comm="podman exec --interactive --detach-keys= --user=ke")
dbus-daemon[3291]: [session uid=1000 pid=3291 pidfd=5] Activated service 'org.freedesktop.systemd1' failed: Process org.freedesktop.systemd1 exited with status 1
dbus-daemon[3291]: [session uid=1000 pid=3291 pidfd=5] Activating service name='org.freedesktop.systemd1' requested by ':1.396' (uid=1000 pid=7153 comm="podman exec --interactive --detach-keys= --user=ke")
dbus-daemon[3291]: [session uid=1000 pid=3291 pidfd=5] Activated service 'org.freedesktop.systemd1' failed: Process org.freedesktop.systemd1 exited with status 1
dbus-daemon[3291]: [session uid=1000 pid=3291 pidfd=5] Activating service name='org.freedesktop.systemd1' requested by ':1.398' (uid=1000 pid=7153 comm="podman exec --interactive --detach-keys= --user=ke")
dbus-daemon[3291]: [session uid=1000 pid=3291 pidfd=5] Activated service 'org.freedesktop.systemd1' failed: Process org.freedesktop.systemd1 exited with status 1
dbus-daemon[3291]: [session uid=1000 pid=3291 pidfd=5] Activating service name='org.freedesktop.systemd1' requested by ':1.398' (uid=1000 pid=7153 comm="podman exec --interactive --detach-keys= --user=ke")
dbus-daemon[3291]: [session uid=1000 pid=3291 pidfd=5] Activated service 'org.freedesktop.systemd1' failed: Process org.freedesktop.systemd1 exited with status 1
dbus-daemon[3291]: [session uid=1000 pid=3291 pidfd=5] Activating service name='org.freedesktop.systemd1' requested by ':1.400' (uid=1000 pid=7248 comm="/usr/bin/crun --log-format=json --log /home/kexfff")
dbus-daemon[3291]: [session uid=1000 pid=3291 pidfd=5] Activated service 'org.freedesktop.systemd1' failed: Process org.freedesktop.systemd1 exited with status 1
dbus-daemon[3291]: [session uid=1000 pid=3291 pidfd=5] Activating service name='org.freedesktop.systemd1' requested by ':1.401' (uid=1000 pid=7254 comm="/usr/bin/podman --root /home/kexfff/.local/share/c")
dbus-daemon[3291]: [session uid=1000 pid=3291 pidfd=5] Activated service 'org.freedesktop.systemd1' failed: Process org.freedesktop.systemd1 exited with status 1
dbus-daemon[3291]: [session uid=1000 pid=3291 pidfd=5] Activating service name='org.freedesktop.systemd1' requested by ':1.401' (uid=1000 pid=7254 comm="/usr/bin/podman --root /home/kexfff/.local/share/c")
dbus-daemon[3291]: [session uid=1000 pid=3291 pidfd=5] Activated service 'org.freedesktop.systemd1' failed: Process org.freedesktop.systemd1 exited with status 1
dbus-daemon[3291]: [session uid=1000 pid=3291 pidfd=5] Activating service name='org.freedesktop.systemd1' requested by ':1.403' (uid=1000 pid=7268 comm="podman container exists looom-arch")
dbus-daemon[3291]: [session uid=1000 pid=3291 pidfd=5] Activated service 'org.freedesktop.systemd1' failed: Process org.freedesktop.systemd1 exited with status 1
dbus-daemon[3291]: [session uid=1000 pid=3291 pidfd=5] Activating service name='org.freedesktop.systemd1' requested by ':1.403' (uid=1000 pid=7268 comm="podman container exists looom-arch")
dbus-daemon[3291]: [session uid=1000 pid=3291 pidfd=5] Activated service 'org.freedesktop.systemd1' failed: Process org.freedesktop.systemd1 exited with status 1
dbus-daemon[3291]: [session uid=1000 pid=3291 pidfd=5] Activating service name='org.freedesktop.systemd1' requested by ':1.405' (uid=1000 pid=7282 comm="podman inspect --format {{json .Config.Labels}} lo")
dbus-daemon[3291]: [session uid=1000 pid=3291 pidfd=5] Activated service 'org.freedesktop.systemd1' failed: Process org.freedesktop.systemd1 exited with status 1
dbus-daemon[3291]: [session uid=1000 pid=3291 pidfd=5] Activating service name='org.freedesktop.systemd1' requested by ':1.405' (uid=1000 pid=7282 comm="podman inspect --format {{json .Config.Labels}} lo")
dbus-daemon[3291]: [session uid=1000 pid=3291 pidfd=5] Activated service 'org.freedesktop.systemd1' failed: Process org.freedesktop.systemd1 exited with status 1
dbus-daemon[3291]: [session uid=1000 pid=3291 pidfd=5] Activating service name='org.freedesktop.systemd1' requested by ':1.407' (uid=1000 pid=7308 comm="podman inspect --type container --format {{ index ")
dbus-daemon[3291]: [session uid=1000 pid=3291 pidfd=5] Activated service 'org.freedesktop.systemd1' failed: Process org.freedesktop.systemd1 exited with status 1
dbus-daemon[3291]: [session uid=1000 pid=3291 pidfd=5] Activating service name='org.freedesktop.systemd1' requested by ':1.407' (uid=1000 pid=7308 comm="podman inspect --type container --format {{ index ")
dbus-daemon[3291]: [session uid=1000 pid=3291 pidfd=5] Activated service 'org.freedesktop.systemd1' failed: Process org.freedesktop.systemd1 exited with status 1
dbus-daemon[3291]: [session uid=1000 pid=3291 pidfd=5] Activating service name='org.freedesktop.systemd1' requested by ':1.409' (uid=1000 pid=7322 comm="podman inspect --type container --format container")
dbus-daemon[3291]: [session uid=1000 pid=3291 pidfd=5] Activated service 'org.freedesktop.systemd1' failed: Process org.freedesktop.systemd1 exited with status 1
dbus-daemon[3291]: [session uid=1000 pid=3291 pidfd=5] Activating service name='org.freedesktop.systemd1' requested by ':1.409' (uid=1000 pid=7322 comm="podman inspect --type container --format container")
dbus-daemon[3291]: [session uid=1000 pid=3291 pidfd=5] Activated service 'org.freedesktop.systemd1' failed: Process org.freedesktop.systemd1 exited with status 1
dbus-daemon[3291]: [session uid=1000 pid=3291 pidfd=5] Activating service name='org.freedesktop.systemd1' requested by ':1.411' (uid=1000 pid=7297 comm="podman exec --interactive --detach-keys= --user=ke")
dbus-daemon[3291]: [session uid=1000 pid=3291 pidfd=5] Activated service 'org.freedesktop.systemd1' failed: Process org.freedesktop.systemd1 exited with status 1
dbus-daemon[3291]: [session uid=1000 pid=3291 pidfd=5] Activating service name='org.freedesktop.systemd1' requested by ':1.411' (uid=1000 pid=7297 comm="podman exec --interactive --detach-keys= --user=ke")
dbus-daemon[3291]: [session uid=1000 pid=3291 pidfd=5] Activated service 'org.freedesktop.systemd1' failed: Process org.freedesktop.systemd1 exited with status 1
dbus-daemon[3291]: [session uid=1000 pid=3291 pidfd=5] Activating service name='org.freedesktop.systemd1' requested by ':1.413' (uid=1000 pid=7297 comm="podman exec --interactive --detach-keys= --user=ke")
dbus-daemon[3291]: [session uid=1000 pid=3291 pidfd=5] Activated service 'org.freedesktop.systemd1' failed: Process org.freedesktop.systemd1 exited with status 1
dbus-daemon[3291]: [session uid=1000 pid=3291 pidfd=5] Activating service name='org.freedesktop.systemd1' requested by ':1.413' (uid=1000 pid=7297 comm="podman exec --interactive --detach-keys= --user=ke")
dbus-daemon[3291]: [session uid=1000 pid=3291 pidfd=5] Activated service 'org.freedesktop.systemd1' failed: Process org.freedesktop.systemd1 exited with status 1
dbus-daemon[3291]: [session uid=1000 pid=3291 pidfd=5] Activating service name='org.freedesktop.systemd1' requested by ':1.415' (uid=1000 pid=7392 comm="/usr/bin/crun --log-format=json --log /home/kexfff")
dbus-daemon[3291]: [session uid=1000 pid=3291 pidfd=5] Activated service 'org.freedesktop.systemd1' failed: Process org.freedesktop.systemd1 exited with status 1
dbus-daemon[3291]: [session uid=1000 pid=3291 pidfd=5] Activating service name='org.freedesktop.systemd1' requested by ':1.416' (uid=1000 pid=7398 comm="/usr/bin/podman --root /home/kexfff/.local/share/c")
dbus-daemon[3291]: [session uid=1000 pid=3291 pidfd=5] Activated service 'org.freedesktop.systemd1' failed: Process org.freedesktop.systemd1 exited with status 1
dbus-daemon[3291]: [session uid=1000 pid=3291 pidfd=5] Activating service name='org.freedesktop.systemd1' requested by ':1.416' (uid=1000 pid=7398 comm="/usr/bin/podman --root /home/kexfff/.local/share/c")
dbus-daemon[3291]: [session uid=1000 pid=3291 pidfd=5] Activated service 'org.freedesktop.systemd1' failed: Process org.freedesktop.systemd1 exited with status 1
dbus-daemon[3291]: [session uid=1000 pid=3291 pidfd=5] Activating service name='org.freedesktop.systemd1' requested by ':1.418' (uid=1000 pid=7412 comm="podman container exists looom-arch")
dbus-daemon[3291]: [session uid=1000 pid=3291 pidfd=5] Activated service 'org.freedesktop.systemd1' failed: Process org.freedesktop.systemd1 exited with status 1
dbus-daemon[3291]: [session uid=1000 pid=3291 pidfd=5] Activating service name='org.freedesktop.systemd1' requested by ':1.418' (uid=1000 pid=7412 comm="podman container exists looom-arch")
dbus-daemon[3291]: [session uid=1000 pid=3291 pidfd=5] Activated service 'org.freedesktop.systemd1' failed: Process org.freedesktop.systemd1 exited with status 1
dbus-daemon[3291]: [session uid=1000 pid=3291 pidfd=5] Activating service name='org.freedesktop.systemd1' requested by ':1.420' (uid=1000 pid=7425 comm="podman inspect --format {{json .Config.Labels}} lo")
dbus-daemon[3291]: [session uid=1000 pid=3291 pidfd=5] Activated service 'org.freedesktop.systemd1' failed: Process org.freedesktop.systemd1 exited with status 1
dbus-daemon[3291]: [session uid=1000 pid=3291 pidfd=5] Activating service name='org.freedesktop.systemd1' requested by ':1.420' (uid=1000 pid=7425 comm="podman inspect --format {{json .Config.Labels}} lo")
dbus-daemon[3291]: [session uid=1000 pid=3291 pidfd=5] Activated service 'org.freedesktop.systemd1' failed: Process org.freedesktop.systemd1 exited with status 1
dbus-daemon[3291]: [session uid=1000 pid=3291 pidfd=5] Activating service name='org.freedesktop.systemd1' requested by ':1.422' (uid=1000 pid=7451 comm="podman inspect --type container --format {{ index ")
dbus-daemon[3291]: [session uid=1000 pid=3291 pidfd=5] Activated service 'org.freedesktop.systemd1' failed: Process org.freedesktop.systemd1 exited with status 1
dbus-daemon[3291]: [session uid=1000 pid=3291 pidfd=5] Activating service name='org.freedesktop.systemd1' requested by ':1.422' (uid=1000 pid=7451 comm="podman inspect --type container --format {{ index ")
dbus-daemon[3291]: [session uid=1000 pid=3291 pidfd=5] Activated service 'org.freedesktop.systemd1' failed: Process org.freedesktop.systemd1 exited with status 1
dbus-daemon[3291]: [session uid=1000 pid=3291 pidfd=5] Activating service name='org.freedesktop.systemd1' requested by ':1.424' (uid=1000 pid=7465 comm="podman inspect --type container --format container")
dbus-daemon[3291]: [session uid=1000 pid=3291 pidfd=5] Activated service 'org.freedesktop.systemd1' failed: Process org.freedesktop.systemd1 exited with status 1
dbus-daemon[3291]: [session uid=1000 pid=3291 pidfd=5] Activating service name='org.freedesktop.systemd1' requested by ':1.424' (uid=1000 pid=7465 comm="podman inspect --type container --format container")
dbus-daemon[3291]: [session uid=1000 pid=3291 pidfd=5] Activated service 'org.freedesktop.systemd1' failed: Process org.freedesktop.systemd1 exited with status 1
dbus-daemon[3291]: [session uid=1000 pid=3291 pidfd=5] Activating service name='org.freedesktop.systemd1' requested by ':1.426' (uid=1000 pid=7440 comm="podman exec --interactive --detach-keys= --user=ke")
dbus-daemon[3291]: [session uid=1000 pid=3291 pidfd=5] Activated service 'org.freedesktop.systemd1' failed: Process org.freedesktop.systemd1 exited with status 1
dbus-daemon[3291]: [session uid=1000 pid=3291 pidfd=5] Activating service name='org.freedesktop.systemd1' requested by ':1.426' (uid=1000 pid=7440 comm="podman exec --interactive --detach-keys= --user=ke")
dbus-daemon[3291]: [session uid=1000 pid=3291 pidfd=5] Activated service 'org.freedesktop.systemd1' failed: Process org.freedesktop.systemd1 exited with status 1
dbus-daemon[3291]: [session uid=1000 pid=3291 pidfd=5] Activating service name='org.freedesktop.systemd1' requested by ':1.428' (uid=1000 pid=7440 comm="podman exec --interactive --detach-keys= --user=ke")
dbus-daemon[3291]: [session uid=1000 pid=3291 pidfd=5] Activated service 'org.freedesktop.systemd1' failed: Process org.freedesktop.systemd1 exited with status 1
dbus-daemon[3291]: [session uid=1000 pid=3291 pidfd=5] Activating service name='org.freedesktop.systemd1' requested by ':1.428' (uid=1000 pid=7440 comm="podman exec --interactive --detach-keys= --user=ke")
dbus-daemon[3291]: [session uid=1000 pid=3291 pidfd=5] Activated service 'org.freedesktop.systemd1' failed: Process org.freedesktop.systemd1 exited with status 1
dbus-daemon[3291]: [session uid=1000 pid=3291 pidfd=5] Activating service name='org.freedesktop.systemd1' requested by ':1.430' (uid=1000 pid=7535 comm="/usr/bin/crun --log-format=json --log /home/kexfff")
dbus-daemon[3291]: [session uid=1000 pid=3291 pidfd=5] Activated service 'org.freedesktop.systemd1' failed: Process org.freedesktop.systemd1 exited with status 1
dbus-daemon[3291]: [session uid=1000 pid=3291 pidfd=5] Activating service name='org.freedesktop.systemd1' requested by ':1.431' (uid=1000 pid=7541 comm="/usr/bin/podman --root /home/kexfff/.local/share/c")
dbus-daemon[3291]: [session uid=1000 pid=3291 pidfd=5] Activated service 'org.freedesktop.systemd1' failed: Process org.freedesktop.systemd1 exited with status 1
dbus-daemon[3291]: [session uid=1000 pid=3291 pidfd=5] Activating service name='org.freedesktop.systemd1' requested by ':1.431' (uid=1000 pid=7541 comm="/usr/bin/podman --root /home/kexfff/.local/share/c")
dbus-daemon[3291]: [session uid=1000 pid=3291 pidfd=5] Activated service 'org.freedesktop.systemd1' failed: Process org.freedesktop.systemd1 exited with status 1
dbus-daemon[3291]: [session uid=1000 pid=3291 pidfd=5] Activating service name='org.freedesktop.systemd1' requested by ':1.433' (uid=1000 pid=7555 comm="podman container exists looom-arch")
dbus-daemon[3291]: [session uid=1000 pid=3291 pidfd=5] Activated service 'org.freedesktop.systemd1' failed: Process org.freedesktop.systemd1 exited with status 1
dbus-daemon[3291]: [session uid=1000 pid=3291 pidfd=5] Activating service name='org.freedesktop.systemd1' requested by ':1.433' (uid=1000 pid=7555 comm="podman container exists looom-arch")
dbus-daemon[3291]: [session uid=1000 pid=3291 pidfd=5] Activated service 'org.freedesktop.systemd1' failed: Process org.freedesktop.systemd1 exited with status 1
dbus-daemon[3291]: [session uid=1000 pid=3291 pidfd=5] Activating service name='org.freedesktop.systemd1' requested by ':1.435' (uid=1000 pid=7568 comm="podman inspect --format {{json .Config.Labels}} lo")
dbus-daemon[3291]: [session uid=1000 pid=3291 pidfd=5] Activated service 'org.freedesktop.systemd1' failed: Process org.freedesktop.systemd1 exited with status 1
dbus-daemon[3291]: [session uid=1000 pid=3291 pidfd=5] Activating service name='org.freedesktop.systemd1' requested by ':1.435' (uid=1000 pid=7568 comm="podman inspect --format {{json .Config.Labels}} lo")
dbus-daemon[3291]: [session uid=1000 pid=3291 pidfd=5] Activated service 'org.freedesktop.systemd1' failed: Process org.freedesktop.systemd1 exited with status 1
dbus-daemon[3291]: [session uid=1000 pid=3291 pidfd=5] Activating service name='org.freedesktop.systemd1' requested by ':1.437' (uid=1000 pid=7595 comm="podman inspect --type container --format {{ index ")
dbus-daemon[3291]: [session uid=1000 pid=3291 pidfd=5] Activated service 'org.freedesktop.systemd1' failed: Process org.freedesktop.systemd1 exited with status 1
dbus-daemon[3291]: [session uid=1000 pid=3291 pidfd=5] Activating service name='org.freedesktop.systemd1' requested by ':1.437' (uid=1000 pid=7595 comm="podman inspect --type container --format {{ index ")
dbus-daemon[3291]: [session uid=1000 pid=3291 pidfd=5] Activated service 'org.freedesktop.systemd1' failed: Process org.freedesktop.systemd1 exited with status 1
dbus-daemon[3291]: [session uid=1000 pid=3291 pidfd=5] Activating service name='org.freedesktop.systemd1' requested by ':1.439' (uid=1000 pid=7609 comm="podman inspect --type container --format container")
dbus-daemon[3291]: [session uid=1000 pid=3291 pidfd=5] Activated service 'org.freedesktop.systemd1' failed: Process org.freedesktop.systemd1 exited with status 1
dbus-daemon[3291]: [session uid=1000 pid=3291 pidfd=5] Activating service name='org.freedesktop.systemd1' requested by ':1.439' (uid=1000 pid=7609 comm="podman inspect --type container --format container")
dbus-daemon[3291]: [session uid=1000 pid=3291 pidfd=5] Activated service 'org.freedesktop.systemd1' failed: Process org.freedesktop.systemd1 exited with status 1
dbus-daemon[3291]: [session uid=1000 pid=3291 pidfd=5] Activating service name='org.freedesktop.systemd1' requested by ':1.441' (uid=1000 pid=7584 comm="podman exec --interactive --detach-keys= --user=ke")
dbus-daemon[3291]: [session uid=1000 pid=3291 pidfd=5] Activated service 'org.freedesktop.systemd1' failed: Process org.freedesktop.systemd1 exited with status 1
dbus-daemon[3291]: [session uid=1000 pid=3291 pidfd=5] Activating service name='org.freedesktop.systemd1' requested by ':1.441' (uid=1000 pid=7584 comm="podman exec --interactive --detach-keys= --user=ke")
dbus-daemon[3291]: [session uid=1000 pid=3291 pidfd=5] Activated service 'org.freedesktop.systemd1' failed: Process org.freedesktop.systemd1 exited with status 1
dbus-daemon[3291]: [session uid=1000 pid=3291 pidfd=5] Activating service name='org.freedesktop.systemd1' requested by ':1.443' (uid=1000 pid=7584 comm="podman exec --interactive --detach-keys= --user=ke")
dbus-daemon[3291]: [session uid=1000 pid=3291 pidfd=5] Activated service 'org.freedesktop.systemd1' failed: Process org.freedesktop.systemd1 exited with status 1
dbus-daemon[3291]: [session uid=1000 pid=3291 pidfd=5] Activating service name='org.freedesktop.systemd1' requested by ':1.443' (uid=1000 pid=7584 comm="podman exec --interactive --detach-keys= --user=ke")
dbus-daemon[3291]: [session uid=1000 pid=3291 pidfd=5] Activated service 'org.freedesktop.systemd1' failed: Process org.freedesktop.systemd1 exited with status 1
dbus-daemon[3291]: [session uid=1000 pid=3291 pidfd=5] Activating service name='org.freedesktop.systemd1' requested by ':1.445' (uid=1000 pid=7678 comm="/usr/bin/crun --log-format=json --log /home/kexfff")
dbus-daemon[3291]: [session uid=1000 pid=3291 pidfd=5] Activated service 'org.freedesktop.systemd1' failed: Process org.freedesktop.systemd1 exited with status 1
dbus-daemon[3291]: [session uid=1000 pid=3291 pidfd=5] Activating service name='org.freedesktop.systemd1' requested by ':1.446' (uid=1000 pid=7684 comm="/usr/bin/podman --root /home/kexfff/.local/share/c")
dbus-daemon[3291]: [session uid=1000 pid=3291 pidfd=5] Activated service 'org.freedesktop.systemd1' failed: Process org.freedesktop.systemd1 exited with status 1
dbus-daemon[3291]: [session uid=1000 pid=3291 pidfd=5] Activating service name='org.freedesktop.systemd1' requested by ':1.446' (uid=1000 pid=7684 comm="/usr/bin/podman --root /home/kexfff/.local/share/c")
dbus-daemon[3291]: [session uid=1000 pid=3291 pidfd=5] Activated service 'org.freedesktop.systemd1' failed: Process org.freedesktop.systemd1 exited with status 1
 looom: container: Error: crun: write to `/sys/fs/cgroup/user.slice/user-1000.slice/user@1000.service/user.slice/libpod-08ea23457b776bff8d23f8a500a1a86cc080382e55cfc99b1e032494749d197b.scope/container/cgroup.procs`: Permission denied: OCI permission denied


MESA-EGL: warning: DRI3 error: Could not get DRI3 device
MESA-EGL: warning: Ensure your X server supports DRI3 to get accelerated rendering

** (gnome-calculator:2): WARNING **: 16:59:41.020: imf-provider.vala:85: Failed to read exchange rates: Failed to open file “/home/kexfff/.var/app/org.gnome.Calculator/cache/gnome-calculator/rms_five.xls”: No such file or directory

** (gnome-calculator:2): WARNING **: 16:59:41.020: currency-provider.vala:105: Cannot use United Nations Treasury rates as we don't have USD rate yet, retrying

** (gnome-calculator:2): WARNING **: 16:59:41.020: currency-provider.vala:105: Cannot use European Central Bank rates as we don't have EUR rate yet, retrying

** (gnome-calculator:2): WARNING **: 16:59:41.020: currency-provider.vala:105: Cannot use Bank of Canada rates as we don't have CAD rate yet, retrying
MESA: info: could not get caps: Function not implemented
MESA: error: vdrm_device_connect failed
radv/amdgpu: failed to initialize device.

(gnome-calculator:2): Gdk-WARNING **: 16:59:41.241: Vulkan: ../src/amd/vulkan/radv_physical_device.c:2597: failed to query GPU info (VK_ERROR_INITIALIZATION_FAILED)

(gnome-calculator:2): Gdk-WARNING **: 16:59:41.241: Vulkan: Loader Message: setup_loader_term_phys_devs: Call to 'vkEnumeratePhysicalDevices' in ICD /usr/lib/x86_64-linux-gnu/GL/default/lib/libvulkan_radeon.so failed with error code -3
MESA: info: could not get caps: Function not implemented
MESA: error: vdrm_device_connect failed
radv/amdgpu: failed to initialize device.

(gnome-calculator:2): Gdk-WARNING **: 16:59:41.242: Vulkan: ../src/amd/vulkan/radv_physical_device.c:2597: failed to query GPU info (VK_ERROR_INITIALIZATION_FAILED)

(gnome-calculator:2): Gdk-WARNING **: 16:59:41.242: Vulkan: Loader Message: setup_loader_term_phys_devs: Call to 'vkEnumeratePhysicalDevices' in ICD /usr/lib/x86_64-linux-gnu/GL/default/lib/libvulkan_radeon.so failed with error code -3
MESA: info: could not get caps: Function not implemented
MESA: error: vdrm_device_connect failed
radv/amdgpu: failed to initialize device.

(gnome-calculator:2): Gdk-WARNING **: 16:59:41.242: Vulkan: ../src/amd/vulkan/radv_physical_device.c:2597: failed to query GPU info (VK_ERROR_INITIALIZATION_FAILED)

(gnome-calculator:2): Gdk-WARNING **: 16:59:41.242: Vulkan: Loader Message: setup_loader_term_phys_devs: Call to 'vkEnumeratePhysicalDevices' in ICD /usr/lib/x86_64-linux-gnu/GL/default/lib/libvulkan_radeon.so failed with error code -3
MESA: info: could not get caps: Function not implemented
MESA: error: vdrm_device_connect failed
radv/amdgpu: failed to initialize device.

(gnome-calculator:2): Gdk-WARNING **: 16:59:41.242: Vulkan: ../src/amd/vulkan/radv_physical_device.c:2597: failed to query GPU info (VK_ERROR_INITIALIZATION_FAILED)

(gnome-calculator:2): Gdk-WARNING **: 16:59:41.242: Vulkan: Loader Message: setup_loader_term_phys_devs: Call to 'vkEnumeratePhysicalDevices' in ICD /usr/lib/x86_64-linux-gnu/GL/default/lib/libvulkan_radeon.so failed with error code -3
MESA: info: could not get caps: Function not implemented
MESA: error: vdrm_device_connect failed
radv/amdgpu: failed to initialize device.

(gnome-calculator:2): Gdk-WARNING **: 16:59:41.242: Vulkan: ../src/amd/vulkan/radv_physical_device.c:2597: failed to query GPU info (VK_ERROR_INITIALIZATION_FAILED)

(gnome-calculator:2): Gdk-WARNING **: 16:59:41.242: Vulkan: Loader Message: setup_loader_term_phys_devs: Call to 'vkEnumeratePhysicalDevices' in ICD /usr/lib/x86_64-linux-gnu/GL/default/lib/libvulkan_radeon.so failed with error code -3
MESA: info: could not get caps: Function not implemented
MESA: error: vdrm_device_connect failed
radv/amdgpu: failed to initialize device.

(gnome-calculator:2): Gdk-WARNING **: 16:59:41.242: Vulkan: ../src/amd/vulkan/radv_physical_device.c:2597: failed to query GPU info (VK_ERROR_INITIALIZATION_FAILED)

(gnome-calculator:2): Gdk-WARNING **: 16:59:41.243: Vulkan: Loader Message: setup_loader_term_phys_devs: Call to 'vkEnumeratePhysicalDevices' in ICD /usr/lib/x86_64-linux-gnu/GL/default/lib/libvulkan_radeon.so failed with error code -3
MESA: info: could not get caps: Function not implemented
MESA: error: vdrm_device_connect failed
radv/amdgpu: failed to initialize device.

(gnome-calculator:2): Gdk-WARNING **: 16:59:41.243: Vulkan: ../src/amd/vulkan/radv_physical_device.c:2597: failed to query GPU info (VK_ERROR_INITIALIZATION_FAILED)

(gnome-calculator:2): Gdk-WARNING **: 16:59:41.243: Vulkan: Loader Message: setup_loader_term_phys_devs: Call to 'vkEnumeratePhysicalDevices' in ICD /usr/lib/x86_64-linux-gnu/GL/default/lib/libvulkan_radeon.so failed with error code -3
MESA: info: could not get caps: Function not implemented
MESA: error: vdrm_device_connect failed
radv/amdgpu: failed to initialize device.

(gnome-calculator:2): Gdk-WARNING **: 16:59:41.243: Vulkan: ../src/amd/vulkan/radv_physical_device.c:2597: failed to query GPU info (VK_ERROR_INITIALIZATION_FAILED)

(gnome-calculator:2): Gdk-WARNING **: 16:59:41.243: Vulkan: Loader Message: setup_loader_term_phys_devs: Call to 'vkEnumeratePhysicalDevices' in ICD /usr/lib/x86_64-linux-gnu/GL/default/lib/libvulkan_radeon.so failed with error code -3

(gnome-calculator:2): Gtk-WARNING **: 16:59:41.343: Creating a portal monitor failed: GDBus.Error:org.freedesktop.DBus.Error.UnknownMethod: No such interface “org.freedesktop.portal.Inhibit” on object at path /org/freedesktop/portal/desktop

** (gnome-calculator:2): WARNING **: 16:59:42.632: currency-provider.vala:105: Cannot use European Central Bank rates as we don't have EUR rate yet, retrying

looom: container: Error: crun: write to `/sys/fs/cgroup/user.slice/user-1000.slice/user@1000.service/user.slice/libpod-08ea23457b776bff8d23f8a500a1a86cc080382e55cfc99b1e032494749d197b.scope/container/cgroup.procs`: Permission denied: OCI permission denied


Traceback (most recent call last):
  File "/home/kexfff/looom/acceptance/gui-session.py", line 30, in <module>
    raise RuntimeError('Both graphical application windows did not appear')
RuntimeError: Both graphical application windows did not appear
(EE) failed to write to Xwayland fd: Broken pipe
